Babble , 96 , 1 , 4 , false , 3 , 13627
Noah , 2 , 6 , 37 , false , 2 , 11129
Liam , 81 , 6 , 41 , false , 2 , 13538
Mason , 71 , 5 , 87 , false , 3 , 13375
Jacob , 17 , 2 , 47 , false , 3 , 13270
William , 32 , 3 , 100 , false , 1 , 10105
Ethan , 54 , 10 , 6 , false , 3 , 14493
James , 34 , 3 , 9 , false , 1 , 13269
Alexander , 39 , 2 , 67 , false , 1 , 12890
Michael , 5 , 4 , 35 , false , 1 , 13749
Benjamin , 10 , 9 , 71 , false , 1 , 13270
Elijah , 93 , 10 , 96 , false , 3 , 11286
Daniel , 1 , 8 , 76 , false , 2 , 13657
Aiden , 69 , 2 , 20 , false , 1 , 12912
Logan , 41 , 8 , 14 , false , 1 , 11949
Matthew , 5 , 4 , 3 , false , 2 , 10105
Lucas , 4 , 3 , 65 , false , 1 , 12560
Jackson , 87 , 9 , 52 , false , 3 , 13562
David , 38 , 3 , 12 , false , 2 , 12640
Oliver , 69 , 4 , 32 , false , 3 , 12562
Jayden , 96 , 9 , 82 , false , 1 , 12987
Joseph , 84 , 5 , 51 , false , 2 , 14755
Gabriel , 56 , 2 , 8 , false , 3 , 13766
Samuel , 68 , 9 , 37 , false , 1 , 10839
Carter , 51 , 9 , 74 , false , 1 , 13273
Anthony , 14 , 1 , 59 , false , 3 , 12218
John , 74 , 2 , 99 , false , 2 , 14200
Dylan , 86 , 10 , 17 , false , 1 , 12827
Luke , 72 , 4 , 21 , false , 1 , 13414
Henry , 39 , 8 , 73 , false , 2 , 11168
Andrew , 13 , 8 , 29 , false , 3 , 11439
Isaac , 54 , 2 , 70 , false , 1 , 14847
Christopher , 40 , 9 , 40 , false , 1 , 14995
Joshua , 92 , 4 , 37 , false , 2 , 11410
Wyatt , 64 , 2 , 54 , false , 3 , 12461
Sebastian , 21 , 5 , 12 , false , 1 , 13401
Owen , 32 , 7 , 79 , false , 1 , 13194
Caleb , 70 , 5 , 46 , false , 1 , 12679
Nathan , 45 , 10 , 69 , false , 2 , 13067
Ryan , 64 , 7 , 43 , false , 3 , 10786
Jack , 5 , 6 , 18 , false , 2 , 10002
Hunter , 31 , 1 , 77 , false , 2 , 12222
Levi , 30 , 3 , 32 , false , 1 , 11035
Christian , 26 , 10 , 100 , false , 1 , 13268
Jaxon , 32 , 5 , 50 , false , 3 , 10750
Julian , 17 , 5 , 29 , false , 1 , 11765
Landon , 15 , 6 , 81 , false , 2 , 10225
Grayson , 84 , 5 , 8 , false , 1 , 11307
Jonathan , 30 , 2 , 33 , false , 2 , 11401
Isaiah , 68 , 8 , 31 , false , 3 , 13059
Charles , 51 , 1 , 27 , false , 1 , 10149
Thomas , 77 , 9 , 16 , false , 2 , 13231
Aaron , 81 , 4 , 99 , false , 3 , 13606
Eli , 76 , 7 , 73 , false , 3 , 10459
Connor , 33 , 4 , 53 , false , 3 , 13476
Jeremiah , 54 , 4 , 14 , false , 3 , 14002
Cameron , 74 , 9 , 5 , false , 1 , 13190
Josiah , 6 , 8 , 12 , false , 2 , 13483
Adrian , 43 , 2 , 7 , false , 3 , 14514
Colton , 66 , 8 , 63 , false , 3 , 13349
Jordan , 22 , 2 , 65 , false , 3 , 10037
Brayden , 41 , 10 , 74 , false , 3 , 13367
Nicholas , 28 , 8 , 59 , false , 1 , 13578
Robert , 1 , 8 , 6 , false , 2 , 12958
Angel , 41 , 6 , 12 , false , 2 , 14997
Hudson , 26 , 7 , 17 , false , 3 , 12305
Lincoln , 18 , 1 , 80 , false , 3 , 11634
Evan , 69 , 3 , 67 , false , 1 , 10428
Dominic , 86 , 2 , 8 , false , 2 , 12353
Austin , 86 , 5 , 43 , false , 2 , 13307
Gavin , 53 , 6 , 14 , false , 1 , 10986
Nolan , 63 , 9 , 3 , false , 2 , 12827
Parker , 60 , 9 , 89 , false , 1 , 10782
Adam , 75 , 2 , 58 , false , 3 , 10904
Chase , 86 , 9 , 26 , false , 1 , 11921
Jace , 31 , 1 , 18 , false , 2 , 13325
Ian , 26 , 8 , 13 , false , 2 , 10041
Cooper , 99 , 5 , 82 , false , 3 , 14487
Easton , 10 , 4 , 37 , false , 3 , 10554
Kevin , 71 , 4 , 18 , false , 3 , 13216
Jose , 22 , 6 , 95 , false , 3 , 14010
Tyler , 68 , 10 , 41 , false , 1 , 10102
Brandon , 18 , 3 , 33 , false , 3 , 10704
Asher , 74 , 8 , 9 , false , 2 , 10931
Jaxson , 97 , 6 , 96 , false , 1 , 13016
Mateo , 2 , 7 , 41 , false , 3 , 13234
Jason , 9 , 10 , 52 , false , 3 , 10338
Ayden , 62 , 10 , 69 , false , 1 , 10006
Zachary , 23 , 2 , 69 , false , 3 , 13800
Carson , 25 , 10 , 81 , false , 3 , 11386
Xavier , 12 , 4 , 54 , false , 3 , 12017
Leo , 71 , 10 , 24 , false , 2 , 10729
Ezra , 10 , 1 , 70 , false , 3 , 14972
Bentley , 60 , 2 , 94 , false , 3 , 14927
Sawyer , 53 , 5 , 99 , false , 2 , 13060
Kayden , 51 , 8 , 41 , false , 1 , 10282
Blake , 79 , 5 , 16 , false , 3 , 14004
Nathaniel , 85 , 4 , 65 , false , 1 , 12115
Ryder , 94 , 10 , 38 , false , 2 , 12781
Theodore , 62 , 7 , 56 , false , 2 , 12105
Elias , 83 , 10 , 12 , false , 1 , 11131
Tristan , 73 , 3 , 29 , false , 2 , 14165
Roman , 63 , 3 , 60 , false , 3 , 12573
Leonardo , 16 , 2 , 80 , false , 2 , 12873
Camden , 47 , 6 , 43 , false , 2 , 10091
Brody , 76 , 6 , 18 , false , 3 , 13452
Luis , 76 , 5 , 64 , false , 3 , 13796
Miles , 96 , 9 , 80 , false , 2 , 12722
Micah , 45 , 9 , 65 , false , 2 , 11767
Vincent , 91 , 1 , 82 , false , 2 , 12902
Justin , 55 , 8 , 80 , false , 1 , 12903
Greyson , 71 , 6 , 2 , false , 1 , 14458
Declan , 6 , 8 , 23 , false , 1 , 13453
Maxwell , 72 , 7 , 65 , false , 1 , 10991
Juan , 39 , 9 , 82 , false , 1 , 14253
Cole , 2 , 6 , 76 , false , 1 , 13766
Damian , 30 , 9 , 86 , false , 2 , 14188
Carlos , 90 , 2 , 64 , false , 2 , 12671
Max , 74 , 6 , 39 , false , 3 , 13664
Harrison , 44 , 10 , 81 , false , 3 , 11021
Weston , 25 , 1 , 20 , false , 1 , 12105
Brantley , 25 , 9 , 51 , false , 1 , 10292
Braxton , 69 , 2 , 33 , false , 1 , 13341
Axel , 21 , 5 , 73 , false , 1 , 12184
Diego , 96 , 10 , 33 , false , 1 , 13857
Abel , 97 , 10 , 77 , false , 3 , 12840
Wesley , 50 , 6 , 91 , false , 3 , 11562
Santiago , 96 , 5 , 74 , false , 3 , 10048
Jesus , 66 , 8 , 82 , false , 3 , 12423
Silas , 23 , 1 , 18 , false , 3 , 13506
Giovanni , 55 , 3 , 69 , false , 1 , 10328
Bryce , 26 , 5 , 10 , false , 2 , 13615
Jayce , 50 , 4 , 21 , false , 3 , 13824
Bryson , 36 , 8 , 21 , false , 1 , 11685
Alex , 69 , 6 , 3 , false , 1 , 13875
Everett , 26 , 5 , 99 , false , 3 , 11271
George , 57 , 10 , 14 , false , 2 , 14935
Eric , 42 , 1 , 22 , false , 1 , 12604
Ivan , 38 , 3 , 8 , false , 3 , 13892
Emmett , 84 , 5 , 80 , false , 3 , 10704
Kaiden , 17 , 3 , 83 , false , 3 , 10274
Ashton , 10 , 7 , 99 , false , 2 , 11391
Kingston , 70 , 5 , 41 , false , 3 , 12888
Jonah , 28 , 7 , 91 , false , 1 , 10778
Jameson , 95 , 9 , 31 , false , 3 , 13247
Kai , 75 , 8 , 45 , false , 3 , 11041
Maddox , 1 , 3 , 67 , false , 3 , 10541
Timothy , 41 , 5 , 91 , false , 3 , 12503
Ezekiel , 82 , 8 , 68 , false , 3 , 14141
Ryker , 9 , 2 , 70 , false , 1 , 10302
Emmanuel , 49 , 6 , 41 , false , 2 , 10451
Hayden , 89 , 8 , 41 , false , 1 , 14063
Antonio , 83 , 5 , 86 , false , 1 , 11171
Bennett , 80 , 9 , 16 , false , 1 , 10778
Steven , 19 , 1 , 86 , false , 1 , 14024
Richard , 79 , 9 , 79 , false , 1 , 13748
Jude , 81 , 9 , 46 , false , 1 , 11330
Luca , 49 , 2 , 88 , false , 2 , 13745
Edward , 51 , 2 , 82 , false , 2 , 14371
Joel , 53 , 8 , 12 , false , 1 , 14888
Victor , 90 , 1 , 91 , false , 1 , 13328
Miguel , 68 , 5 , 79 , false , 2 , 13352
Malachi , 27 , 6 , 53 , false , 1 , 11898
King , 84 , 3 , 60 , false , 1 , 11261
Patrick , 57 , 4 , 85 , false , 2 , 11061
Kaleb , 56 , 5 , 81 , false , 2 , 13466
Bryan , 21 , 8 , 57 , false , 1 , 12333
Alan , 37 , 8 , 91 , false , 3 , 11374
Marcus , 95 , 3 , 53 , false , 1 , 12268
Preston , 51 , 1 , 42 , false , 3 , 12752
Abraham , 55 , 1 , 26 , false , 1 , 11112
Calvin , 39 , 7 , 8 , false , 1 , 12465
Colin , 26 , 3 , 73 , false , 1 , 13353
Bradley , 59 , 10 , 83 , false , 1 , 11083
Jeremy , 58 , 3 , 28 , false , 3 , 13841
Kyle , 97 , 2 , 72 , false , 2 , 13373
Graham , 77 , 4 , 97 , false , 2 , 11534
Grant , 9 , 5 , 82 , false , 3 , 12914
Jesse , 47 , 3 , 10 , false , 2 , 11473
Kaden , 63 , 1 , 43 , false , 2 , 12780
Alejandro , 78 , 6 , 76 , false , 3 , 14966
Oscar , 17 , 4 , 79 , false , 2 , 11794
Jase , 4 , 7 , 38 , false , 2 , 13869
Karter , 73 , 9 , 66 , false , 1 , 13975
Maverick , 81 , 2 , 69 , false , 3 , 10273
Aidan , 94 , 4 , 7 , false , 1 , 12751
Tucker , 87 , 6 , 58 , false , 2 , 12674
Avery , 24 , 1 , 80 , false , 3 , 10122
Amir , 74 , 8 , 91 , false , 2 , 14956
Brian , 12 , 8 , 17 , false , 2 , 11392
Iker , 45 , 10 , 96 , false , 2 , 12450
Matteo , 69 , 8 , 54 , false , 2 , 11345
Caden , 57 , 4 , 64 , false , 1 , 13126
Zayden , 38 , 10 , 9 , false , 3 , 10642
Riley , 31 , 3 , 52 , false , 3 , 14005
August , 61 , 3 , 93 , false , 2 , 13609
Mark , 85 , 1 , 19 , false , 3 , 14584
Maximus , 69 , 3 , 43 , false , 2 , 12778
Brady , 88 , 2 , 92 , false , 3 , 10047
Kenneth , 71 , 1 , 37 , false , 1 , 11009
Paul , 31 , 2 , 52 , false , 1 , 13533
Jaden , 58 , 5 , 18 , false , 2 , 14970
Nicolas , 79 , 9 , 44 , false , 3 , 10869
Beau , 28 , 9 , 22 , false , 3 , 10293
Dean , 1 , 2 , 76 , false , 3 , 12463
Jake , 23 , 6 , 56 , false , 2 , 10996
Peter , 17 , 1 , 10 , false , 2 , 13874
Xander , 43 , 8 , 69 , false , 1 , 14478
Elliot , 92 , 1 , 17 , false , 1 , 10439
Finn , 87 , 4 , 8 , false , 2 , 11235
Derek , 2 , 10 , 49 , false , 2 , 14555
Sean , 64 , 1 , 21 , false , 2 , 13460
Cayden , 17 , 6 , 53 , false , 3 , 14855
Elliott , 80 , 9 , 33 , false , 1 , 12832
Jax , 64 , 1 , 23 , false , 1 , 11124
Jasper , 14 , 8 , 91 , false , 1 , 13629
Lorenzo , 78 , 5 , 89 , false , 2 , 13302
Omar , 44 , 9 , 5 , false , 2 , 14459
Beckett , 17 , 3 , 96 , false , 1 , 12858
Rowan , 51 , 10 , 79 , false , 1 , 12099
Gael , 11 , 9 , 90 , false , 1 , 12929
Corbin , 67 , 7 , 100 , false , 1 , 10719
Waylon , 81 , 4 , 46 , false , 2 , 12410
Myles , 100 , 5 , 99 , false , 1 , 14680
Tanner , 59 , 2 , 65 , false , 1 , 13691
Jorge , 23 , 8 , 44 , false , 2 , 14342
Javier , 43 , 3 , 93 , false , 1 , 10795
Zion , 75 , 8 , 94 , false , 3 , 12505
Andres , 65 , 6 , 39 , false , 3 , 13025
Charlie , 49 , 9 , 42 , false , 2 , 11763
Paxton , 74 , 8 , 87 , false , 1 , 14214
Emiliano , 30 , 3 , 22 , false , 3 , 10065
Brooks , 17 , 5 , 28 , false , 2 , 13798
Zane , 75 , 5 , 48 , false , 1 , 13611
Simon , 54 , 4 , 17 , false , 1 , 12392
Judah , 95 , 3 , 53 , false , 3 , 12191
Griffin , 68 , 2 , 1 , false , 1 , 12599
Cody , 15 , 6 , 64 , false , 1 , 10707
Gunner , 29 , 4 , 75 , false , 1 , 12564
Dawson , 25 , 3 , 99 , false , 2 , 11802
Israel , 11 , 7 , 86 , false , 2 , 10220
Rylan , 31 , 3 , 13 , false , 2 , 14360
Gage , 56 , 3 , 22 , false , 2 , 11855
Messiah , 73 , 10 , 43 , false , 3 , 11156
River , 51 , 5 , 61 , false , 2 , 12272
Kameron , 77 , 1 , 55 , false , 2 , 11323
Stephen , 57 , 9 , 1 , false , 2 , 13367
Francisco , 21 , 5 , 92 , false , 3 , 14658
Clayton , 52 , 8 , 61 , false , 2 , 11894
Zander , 69 , 7 , 16 , false , 2 , 14132
Chance , 72 , 3 , 49 , false , 2 , 10388
Eduardo , 73 , 2 , 89 , false , 3 , 11538
Spencer , 65 , 6 , 27 , false , 2 , 10629
Lukas , 94 , 5 , 6 , false , 2 , 11868
Damien , 64 , 9 , 8 , false , 1 , 11613
Dallas , 54 , 5 , 62 , false , 3 , 11354
Conner , 94 , 2 , 68 , false , 2 , 10927
Travis , 56 , 6 , 39 , false , 3 , 10244
Knox , 77 , 1 , 80 , false , 2 , 11476
Raymond , 61 , 1 , 13 , false , 1 , 10237
Peyton , 33 , 1 , 79 , false , 3 , 11556
Devin , 44 , 5 , 1 , false , 1 , 12612
Felix , 56 , 1 , 56 , false , 2 , 14843
Jayceon , 83 , 10 , 62 , false , 1 , 14477
Collin , 6 , 10 , 90 , false , 1 , 12604
Amari , 66 , 9 , 6 , false , 3 , 11065
Erick , 95 , 2 , 46 , false , 1 , 12852
Cash , 55 , 6 , 97 , false , 3 , 13920
Jaiden , 61 , 2 , 23 , false , 3 , 11735
Fernando , 66 , 9 , 18 , false , 3 , 14871
Cristian , 95 , 4 , 74 , false , 1 , 12919
Josue , 30 , 4 , 20 , false , 3 , 13483
Keegan , 85 , 2 , 45 , false , 3 , 11553
Garrett , 50 , 7 , 22 , false , 2 , 13290
Rhett , 94 , 1 , 5 , false , 3 , 11426
Ricardo , 40 , 3 , 77 , false , 3 , 13459
Martin , 1 , 4 , 95 , false , 3 , 12439
Reid , 67 , 3 , 93 , false , 2 , 14341
Seth , 76 , 1 , 23 , false , 3 , 12504
Andre , 28 , 4 , 41 , false , 1 , 12770
Cesar , 83 , 4 , 33 , false , 3 , 13008
Titus , 11 , 7 , 42 , false , 2 , 11134
Donovan , 53 , 10 , 38 , false , 3 , 12964
Manuel , 29 , 3 , 19 , false , 3 , 14050
Mario , 60 , 9 , 21 , false , 3 , 13020
Caiden , 25 , 10 , 46 , false , 1 , 10809
Adriel , 69 , 9 , 56 , false , 2 , 11137
Kyler , 64 , 2 , 16 , false , 3 , 13450
Milo , 50 , 1 , 90 , false , 1 , 10559
Archer , 54 , 8 , 24 , false , 2 , 12240
Jeffrey , 74 , 2 , 90 , false , 1 , 11564
Holden , 10 , 10 , 26 , false , 2 , 11237
Arthur , 88 , 6 , 37 , false , 2 , 10975
Karson , 26 , 8 , 87 , false , 2 , 12666
Rafael , 37 , 2 , 27 , false , 2 , 13832
Shane , 86 , 3 , 1 , false , 3 , 13354
Lane , 41 , 5 , 38 , false , 1 , 14480
Louis , 54 , 2 , 50 , false , 3 , 14750
Angelo , 40 , 9 , 26 , false , 2 , 14960
Remington , 1 , 3 , 70 , false , 1 , 10792
Troy , 36 , 8 , 86 , false , 1 , 10805
Emerson , 19 , 2 , 88 , false , 2 , 14412
Maximiliano , 94 , 3 , 48 , false , 3 , 12344
Hector , 28 , 7 , 36 , false , 2 , 12767
Emilio , 38 , 8 , 86 , false , 2 , 13994
Anderson , 98 , 3 , 47 , false , 3 , 11453
Trevor , 91 , 3 , 34 , false , 3 , 11116
Phoenix , 91 , 7 , 20 , false , 2 , 12668
Walter , 33 , 4 , 31 , false , 1 , 13757
Johnathan , 75 , 9 , 46 , false , 1 , 12138
Johnny , 13 , 9 , 59 , false , 2 , 12260
Edwin , 53 , 7 , 76 , false , 1 , 13513
Julius , 81 , 4 , 68 , false , 3 , 13021
Barrett , 36 , 4 , 20 , false , 2 , 12333
Leon , 88 , 7 , 9 , false , 3 , 13317
Tyson , 66 , 5 , 28 , false , 2 , 13806
Tobias , 67 , 6 , 5 , false , 1 , 12525
Edgar , 18 , 1 , 24 , false , 1 , 13231
Dominick , 89 , 5 , 78 , false , 1 , 13938
Marshall , 51 , 3 , 42 , false , 1 , 14749
Marco , 27 , 10 , 36 , false , 3 , 10679
Joaquin , 6 , 3 , 25 , false , 3 , 12715
Dante , 83 , 3 , 43 , false , 3 , 11378
Andy , 20 , 8 , 60 , false , 3 , 11451
Cruz , 43 , 2 , 77 , false , 3 , 12739
Ali , 15 , 3 , 34 , false , 1 , 13644
Finley , 83 , 5 , 54 , false , 2 , 12920
Dalton , 86 , 6 , 25 , false , 1 , 14311
Gideon , 40 , 4 , 15 , false , 3 , 13933
Reed , 93 , 2 , 42 , false , 3 , 14896
Enzo , 93 , 7 , 29 , false , 1 , 12617
Sergio , 20 , 5 , 40 , false , 1 , 10742
Jett , 36 , 8 , 29 , false , 2 , 12157
Thiago , 1 , 7 , 85 , false , 2 , 11987
Kyrie , 96 , 7 , 31 , false , 2 , 14798
Ronan , 16 , 5 , 53 , false , 1 , 10009
Cohen , 49 , 10 , 56 , false , 3 , 13069
Colt , 26 , 8 , 5 , false , 3 , 10852
Erik , 99 , 3 , 40 , false , 2 , 14393
Trenton , 97 , 9 , 20 , false , 2 , 10955
Jared , 59 , 8 , 73 , false , 3 , 14389
Walker , 23 , 6 , 96 , false , 3 , 10312
Landen , 5 , 4 , 62 , false , 2 , 13351
Alexis , 83 , 10 , 52 , false , 2 , 12305
Nash , 56 , 7 , 10 , false , 1 , 14814
Jaylen , 55 , 3 , 46 , false , 3 , 13474
Gregory , 53 , 4 , 54 , false , 1 , 11123
Emanuel , 95 , 8 , 80 , false , 1 , 10573
Killian , 92 , 7 , 97 , false , 2 , 10458
Allen , 1 , 7 , 48 , false , 1 , 11025
Atticus , 5 , 1 , 62 , false , 2 , 10804
Desmond , 29 , 1 , 99 , false , 3 , 11798
Shawn , 25 , 8 , 82 , false , 2 , 10702
Grady , 6 , 5 , 2 , false , 2 , 12313
Quinn , 75 , 8 , 60 , false , 1 , 14483
Frank , 70 , 6 , 22 , false , 2 , 12530
Fabian , 99 , 4 , 41 , false , 1 , 10591
Dakota , 97 , 1 , 12 , false , 2 , 11065
Roberto , 10 , 1 , 43 , false , 3 , 10399
Beckham , 97 , 9 , 76 , false , 2 , 10484
Major , 90 , 7 , 64 , false , 2 , 10451
Skyler , 99 , 1 , 79 , false , 3 , 11338
Nehemiah , 9 , 1 , 64 , false , 3 , 14582
Drew , 55 , 9 , 23 , false , 2 , 10094
Cade , 40 , 8 , 17 , false , 2 , 11622
Muhammad , 16 , 3 , 71 , false , 1 , 10383
Kendrick , 7 , 3 , 60 , false , 1 , 13132
Pedro , 63 , 2 , 55 , false , 2 , 10343
Orion , 94 , 1 , 66 , false , 1 , 14252
Aden , 48 , 2 , 1 , false , 1 , 11229
Kamden , 95 , 3 , 9 , false , 1 , 13997
Ruben , 32 , 9 , 80 , false , 3 , 14221
Zaiden , 64 , 3 , 6 , false , 1 , 10185
Clark , 90 , 8 , 58 , false , 2 , 11929
Noel , 53 , 10 , 31 , false , 2 , 14697
Porter , 35 , 7 , 61 , false , 2 , 14089
Solomon , 90 , 2 , 54 , false , 3 , 12544
Romeo , 51 , 4 , 23 , false , 3 , 10486
Rory , 96 , 6 , 51 , false , 2 , 14271
Malik , 37 , 2 , 9 , false , 3 , 10585
Daxton , 91 , 8 , 75 , false , 2 , 12266
Leland , 25 , 7 , 35 , false , 3 , 10041
Kash , 24 , 7 , 76 , false , 3 , 13776
Abram , 20 , 7 , 62 , false , 2 , 13808
Derrick , 100 , 9 , 6 , false , 3 , 12940
Kade , 78 , 7 , 82 , false , 2 , 11083
Gunnar , 68 , 8 , 81 , false , 3 , 11399
Prince , 99 , 8 , 7 , false , 3 , 10354
Brendan , 100 , 8 , 81 , false , 1 , 10683
Leonel , 9 , 4 , 62 , false , 3 , 11486
Kason , 23 , 9 , 27 , false , 2 , 14318
Braylon , 67 , 7 , 57 , false , 1 , 13294
Legend , 92 , 8 , 22 , false , 1 , 12212
Pablo , 74 , 2 , 83 , false , 1 , 11053
Jay , 37 , 1 , 61 , false , 3 , 13705
Adan , 96 , 5 , 51 , false , 3 , 14893
Jensen , 90 , 2 , 14 , false , 2 , 14710
Esteban , 85 , 3 , 20 , false , 1 , 10730
Kellan , 14 , 5 , 50 , false , 1 , 11707
Drake , 62 , 10 , 30 , false , 1 , 14190
Warren , 83 , 2 , 22 , false , 3 , 13847
Ismael , 79 , 1 , 24 , false , 2 , 12499
Ari , 69 , 8 , 83 , false , 2 , 13833
Russell , 46 , 7 , 68 , false , 3 , 13610
Bruce , 98 , 10 , 95 , false , 3 , 13915
Finnegan , 3 , 2 , 28 , false , 2 , 11355
Marcos , 18 , 6 , 39 , false , 1 , 10560
Jayson , 87 , 9 , 52 , false , 1 , 14049
Theo , 3 , 1 , 19 , false , 3 , 14064
Jaxton , 4 , 5 , 83 , false , 1 , 13050
Phillip , 93 , 10 , 32 , false , 3 , 14617
Dexter , 99 , 2 , 30 , false , 2 , 14272
Braylen , 37 , 6 , 38 , false , 1 , 13085
Armando , 51 , 3 , 7 , false , 3 , 11574
Braden , 56 , 6 , 57 , false , 2 , 12844
Corey , 21 , 10 , 79 , false , 1 , 14899
Kolton , 81 , 5 , 20 , false , 3 , 13733
Gerardo , 89 , 1 , 27 , false , 2 , 13535
Ace , 99 , 6 , 83 , false , 1 , 10932
Ellis , 69 , 9 , 45 , false , 1 , 11691
Malcolm , 71 , 2 , 99 , false , 3 , 10158
Tate , 44 , 9 , 88 , false , 3 , 11552
Zachariah , 88 , 5 , 100 , false , 1 , 14865
Chandler , 85 , 7 , 76 , false , 1 , 11716
Milan , 64 , 2 , 74 , false , 1 , 13449
Keith , 6 , 4 , 40 , false , 1 , 11139
Danny , 83 , 3 , 73 , false , 3 , 12251
Damon , 32 , 5 , 2 , false , 2 , 12597
Enrique , 55 , 10 , 52 , false , 3 , 12567
Jonas , 70 , 10 , 67 , false , 1 , 13500
Kane , 35 , 8 , 63 , false , 3 , 10553
Princeton , 64 , 4 , 19 , false , 3 , 11415
Hugo , 11 , 8 , 40 , false , 1 , 13870
Ronald , 43 , 8 , 47 , false , 1 , 13988
Philip , 45 , 1 , 98 , false , 3 , 12155
Ibrahim , 18 , 7 , 45 , false , 3 , 13213
Kayson , 98 , 8 , 73 , false , 1 , 12576
Maximilian , 26 , 3 , 90 , false , 1 , 10577
Lawson , 57 , 9 , 16 , false , 1 , 12892
Harvey , 86 , 3 , 63 , false , 1 , 12138
Albert , 51 , 9 , 41 , false , 3 , 12727
Donald , 96 , 7 , 97 , false , 2 , 13399
Raul , 62 , 2 , 69 , false , 1 , 12800
Franklin , 46 , 2 , 23 , false , 1 , 14107
Hendrix , 53 , 6 , 18 , false , 3 , 14395
Odin , 62 , 5 , 38 , false , 2 , 10588
Brennan , 77 , 6 , 69 , false , 2 , 14225
Jamison , 49 , 5 , 42 , false , 3 , 12708
Dillon , 94 , 6 , 50 , false , 1 , 13290
Brock , 50 , 1 , 2 , false , 2 , 13149
Landyn , 61 , 6 , 45 , false , 1 , 11694
Mohamed , 40 , 10 , 52 , false , 1 , 10614
Brycen , 92 , 5 , 41 , false , 1 , 10073
Deacon , 66 , 9 , 90 , false , 1 , 12604
Colby , 98 , 2 , 62 , false , 3 , 14917
Alec , 52 , 8 , 28 , false , 1 , 12822
Julio , 77 , 6 , 99 , false , 3 , 13843
Scott , 45 , 4 , 35 , false , 1 , 12592
Matias , 49 , 10 , 49 , false , 2 , 12651
Sullivan , 22 , 6 , 12 , false , 1 , 14664
Rodrigo , 16 , 10 , 68 , false , 2 , 11757
Cason , 85 , 10 , 5 , false , 1 , 13084
Taylor , 28 , 9 , 51 , false , 2 , 12761
Rocco , 46 , 4 , 77 , false , 3 , 13621
Nico , 69 , 10 , 13 , false , 3 , 11120
Royal , 64 , 1 , 26 , false , 2 , 11353
Pierce , 42 , 2 , 13 , false , 3 , 14869
Augustus , 71 , 4 , 1 , false , 3 , 14305
Raiden , 86 , 4 , 47 , false , 3 , 11182
Kasen , 60 , 3 , 57 , false , 3 , 11863
Benson , 30 , 5 , 43 , false , 2 , 12673
Moses , 15 , 9 , 16 , false , 2 , 14734
Cyrus , 69 , 4 , 28 , false , 2 , 10942
Raylan , 97 , 6 , 37 , false , 1 , 10081
Davis , 94 , 4 , 88 , false , 3 , 13072
Khalil , 22 , 1 , 5 , false , 3 , 12838
Moises , 68 , 1 , 43 , false , 1 , 10503
Conor , 68 , 7 , 12 , false , 2 , 11268
Nikolai , 98 , 4 , 55 , false , 3 , 13788
Alijah , 97 , 3 , 44 , false , 2 , 14921
Mathew , 77 , 9 , 7 , false , 2 , 12417
Keaton , 80 , 8 , 21 , false , 1 , 11266
Francis , 59 , 6 , 78 , false , 3 , 12917
Quentin , 33 , 2 , 46 , false , 3 , 11805
Ty , 67 , 4 , 9 , false , 1 , 11818
Jaime , 49 , 9 , 43 , false , 3 , 12001
Ronin , 64 , 3 , 80 , false , 1 , 12087
Kian , 49 , 2 , 77 , false , 2 , 12388
Lennox , 96 , 9 , 44 , false , 1 , 12630
Malakai , 61 , 7 , 2 , false , 1 , 13052
Atlas , 8 , 7 , 99 , false , 1 , 13796
Jerry , 17 , 9 , 65 , false , 2 , 11411
Ryland , 18 , 5 , 36 , false , 1 , 14296
Ahmed , 24 , 10 , 50 , false , 3 , 12169
Saul , 90 , 5 , 49 , false , 2 , 12618
Sterling , 31 , 6 , 28 , false , 3 , 13703
Dennis , 80 , 4 , 80 , false , 1 , 12462
Lawrence , 28 , 6 , 31 , false , 1 , 12656
Zayne , 95 , 2 , 83 , false , 3 , 14162
Bodhi , 31 , 5 , 12 , false , 2 , 11956
Arjun , 33 , 1 , 51 , false , 2 , 11053
Darius , 22 , 6 , 100 , false , 3 , 10299
Arlo , 55 , 10 , 95 , false , 2 , 14509
Eden , 57 , 4 , 7 , false , 3 , 13957
Tony , 15 , 6 , 72 , false , 1 , 10566
Dustin , 34 , 9 , 72 , false , 3 , 14509
Kellen , 28 , 1 , 83 , false , 2 , 10213
Chris , 36 , 1 , 29 , false , 2 , 14350
Mohammed , 80 , 2 , 83 , false , 3 , 14027
Nasir , 92 , 2 , 41 , false , 3 , 12272
Omari , 51 , 7 , 58 , false , 3 , 12264
Kieran , 25 , 7 , 44 , false , 2 , 10154
Nixon , 5 , 5 , 35 , false , 1 , 13855
Rhys , 100 , 5 , 7 , false , 2 , 12460
Armani , 9 , 9 , 54 , false , 2 , 13983
Arturo , 81 , 4 , 18 , false , 3 , 14435
Bowen , 90 , 4 , 52 , false , 3 , 11144
Frederick , 16 , 6 , 3 , false , 3 , 14322
Callen , 57 , 8 , 49 , false , 1 , 13805
Leonidas , 4 , 3 , 80 , false , 3 , 13721
Remy , 93 , 1 , 81 , false , 1 , 13812
Wade , 16 , 7 , 99 , false , 1 , 11799
Luka , 34 , 5 , 75 , false , 2 , 14525
Jakob , 71 , 2 , 1 , false , 2 , 12014
Winston , 23 , 9 , 82 , false , 1 , 13570
Justice , 87 , 6 , 65 , false , 2 , 12087
Alonzo , 87 , 1 , 58 , false , 3 , 12455
Curtis , 22 , 4 , 34 , false , 2 , 12670
Aarav , 85 , 3 , 45 , false , 1 , 11388
Gustavo , 22 , 9 , 93 , false , 3 , 14852
Royce , 7 , 6 , 81 , false , 2 , 12917
Asa , 4 , 8 , 43 , false , 3 , 10595
Gannon , 30 , 6 , 6 , false , 2 , 14723
Kyson , 14 , 1 , 10 , false , 2 , 12331
Hank , 80 , 4 , 85 , false , 3 , 12993
Izaiah , 25 , 7 , 75 , false , 3 , 13969
Roy , 27 , 3 , 65 , false , 3 , 14261
Raphael , 82 , 3 , 92 , false , 1 , 12081
Luciano , 87 , 6 , 88 , false , 3 , 12395
Hayes , 63 , 10 , 8 , false , 3 , 13007
Case , 40 , 1 , 43 , false , 3 , 10377
Darren , 37 , 10 , 74 , false , 2 , 12316
Mohammad , 43 , 7 , 91 , false , 2 , 10095
Otto , 5 , 2 , 10 , false , 3 , 11367
Layton , 44 , 2 , 25 , false , 1 , 14877
Isaias , 72 , 5 , 87 , false , 1 , 11216
Alberto , 95 , 9 , 19 , false , 1 , 13493
Jamari , 97 , 5 , 45 , false , 1 , 11434
Colten , 61 , 5 , 24 , false , 2 , 14974
Dax , 71 , 8 , 67 , false , 2 , 11002
Marvin , 86 , 4 , 36 , false , 3 , 10505
Casey , 66 , 1 , 2 , false , 2 , 14359
Moshe , 18 , 8 , 30 , false , 2 , 13986
Johan , 75 , 5 , 11 , false , 2 , 13405
Sam , 98 , 2 , 22 , false , 3 , 11234
Matthias , 97 , 3 , 42 , false , 2 , 11022
Larry , 96 , 8 , 98 , false , 3 , 12608
Trey , 55 , 9 , 89 , false , 2 , 12551
Devon , 1 , 6 , 2 , false , 3 , 13113
Trent , 88 , 7 , 98 , false , 1 , 10427
Mauricio , 4 , 9 , 59 , false , 3 , 13970
Mathias , 94 , 3 , 14 , false , 1 , 10634
Issac , 36 , 3 , 34 , false , 1 , 10317
Dorian , 42 , 10 , 18 , false , 3 , 12147
Gianni , 69 , 5 , 74 , false , 1 , 12267
Ahmad , 87 , 1 , 24 , false , 2 , 14110
Nikolas , 51 , 10 , 9 , false , 3 , 11415
Oakley , 80 , 5 , 89 , false , 3 , 12540
Uriel , 23 , 10 , 23 , false , 1 , 12916
Lewis , 40 , 2 , 9 , false , 2 , 13135
Randy , 56 , 10 , 70 , false , 2 , 11650
Cullen , 90 , 6 , 12 , false , 1 , 10951
Braydon , 74 , 6 , 91 , false , 1 , 10276
Ezequiel , 6 , 5 , 31 , false , 1 , 13908
Reece , 71 , 9 , 41 , false , 2 , 12976
Jimmy , 57 , 5 , 30 , false , 1 , 12145
Crosby , 66 , 3 , 75 , false , 3 , 14500
Soren , 25 , 6 , 68 , false , 3 , 12540
Uriah , 19 , 1 , 56 , false , 3 , 10494
Roger , 32 , 7 , 11 , false , 1 , 14011
Nathanael , 20 , 4 , 32 , false , 1 , 10328
Emmitt , 8 , 8 , 66 , false , 2 , 11884
Gary , 11 , 5 , 57 , false , 2 , 12040
Rayan , 57 , 3 , 69 , false , 1 , 13700
Ricky , 9 , 5 , 13 , false , 3 , 12955
Mitchell , 59 , 9 , 74 , false , 2 , 11411
Roland , 37 , 9 , 47 , false , 2 , 11199
Alfredo , 76 , 8 , 67 , false , 3 , 11316
Cannon , 3 , 5 , 23 , false , 1 , 13090
Jalen , 64 , 6 , 55 , false , 1 , 10291
Tatum , 55 , 2 , 38 , false , 2 , 11406
Kobe , 45 , 8 , 5 , false , 2 , 13846
Yusuf , 68 , 9 , 87 , false , 2 , 12926
Quinton , 38 , 1 , 6 , false , 1 , 13532
Korbin , 23 , 9 , 39 , false , 3 , 11817
Brayan , 81 , 10 , 85 , false , 2 , 11442
Joe , 28 , 2 , 86 , false , 2 , 13760
Byron , 44 , 2 , 39 , false , 2 , 12982
Ariel , 37 , 7 , 41 , false , 2 , 11180
Quincy , 19 , 3 , 21 , false , 3 , 11368
Carl , 6 , 9 , 28 , false , 3 , 10442
Kristopher , 97 , 7 , 55 , false , 3 , 14463
Alvin , 49 , 10 , 5 , false , 1 , 13675
Duke , 18 , 10 , 89 , false , 3 , 12129
Lance , 24 , 4 , 96 , false , 1 , 14518
London , 28 , 3 , 84 , false , 2 , 14306
Jasiah , 52 , 6 , 5 , false , 1 , 13652
Boston , 99 , 9 , 81 , false , 2 , 14410
Santino , 44 , 6 , 22 , false , 1 , 14791
Lennon , 50 , 10 , 21 , false , 2 , 13376
Deandre , 50 , 1 , 20 , false , 1 , 11176
Madden , 91 , 5 , 59 , false , 3 , 13424
Talon , 17 , 7 , 82 , false , 2 , 12807
Sylas , 35 , 3 , 38 , false , 2 , 14127
Orlando , 49 , 1 , 33 , false , 2 , 14462
Hamza , 24 , 9 , 32 , false , 2 , 12008
Bo , 8 , 8 , 21 , false , 3 , 14194
Aldo , 49 , 9 , 71 , false , 2 , 11893
Douglas , 96 , 5 , 71 , false , 2 , 10198
Tristen , 30 , 3 , 22 , false , 1 , 14429
Wilson , 49 , 7 , 92 , false , 2 , 12736
Maurice , 54 , 6 , 7 , false , 3 , 10250
Samson , 67 , 4 , 100 , false , 2 , 12873
Cayson , 94 , 6 , 95 , false , 2 , 14694
Bryant , 88 , 2 , 21 , false , 1 , 11339
Conrad , 20 , 1 , 55 , false , 1 , 14009
Dane , 36 , 1 , 76 , false , 3 , 13172
Julien , 64 , 10 , 80 , false , 2 , 11315
Sincere , 82 , 9 , 59 , false , 3 , 11527
Noe , 32 , 7 , 16 , false , 3 , 13742
Salvador , 10 , 6 , 54 , false , 2 , 11926
Nelson , 46 , 3 , 18 , false , 3 , 13192
Edison , 27 , 7 , 85 , false , 1 , 11512
Ramon , 57 , 8 , 92 , false , 3 , 12439
Lucian , 59 , 10 , 28 , false , 3 , 13250
Mekhi , 56 , 10 , 77 , false , 1 , 11029
Niko , 20 , 2 , 95 , false , 2 , 14612
Ayaan , 73 , 2 , 66 , false , 3 , 14072
Vihaan , 10 , 8 , 11 , false , 2 , 12821
Neil , 23 , 3 , 39 , false , 1 , 10690
Titan , 78 , 4 , 12 , false , 1 , 11991
Ernesto , 62 , 2 , 44 , false , 2 , 10181
Brentley , 73 , 1 , 13 , false , 3 , 10837
Lionel , 78 , 1 , 59 , false , 3 , 13632
Zayn , 84 , 6 , 100 , false , 3 , 10501
Dominik , 21 , 9 , 57 , false , 3 , 11333
Cassius , 47 , 6 , 10 , false , 2 , 13292
Rowen , 53 , 1 , 4 , false , 3 , 10211
Blaine , 86 , 10 , 73 , false , 1 , 13737
Sage , 62 , 9 , 81 , false , 3 , 10572
Kelvin , 13 , 5 , 81 , false , 2 , 12300
Jaxen , 82 , 3 , 69 , false , 2 , 11442
Memphis , 54 , 6 , 79 , false , 3 , 11244
Leonard , 23 , 8 , 67 , false , 3 , 11262
Abdullah , 31 , 3 , 35 , false , 2 , 10264
Jacoby , 72 , 6 , 95 , false , 3 , 13234
Allan , 68 , 6 , 42 , false , 3 , 12527
Jagger , 42 , 1 , 12 , false , 1 , 13270
Yahir , 54 , 5 , 58 , false , 2 , 10829
Forrest , 55 , 8 , 97 , false , 3 , 13135
Guillermo , 59 , 3 , 98 , false , 1 , 13756
Mack , 14 , 7 , 72 , false , 1 , 12219
Zechariah , 7 , 8 , 88 , false , 3 , 11326
Harley , 67 , 1 , 59 , false , 1 , 14701
Terry , 81 , 3 , 16 , false , 3 , 12618
Kylan , 45 , 5 , 76 , false , 2 , 14316
Fletcher , 11 , 4 , 20 , false , 3 , 12947
Rohan , 76 , 6 , 64 , false , 2 , 10985
Eddie , 36 , 6 , 13 , false , 3 , 10104
Bronson , 91 , 1 , 45 , false , 1 , 11669
Jefferson , 46 , 4 , 52 , false , 2 , 11823
Rayden , 22 , 10 , 68 , false , 2 , 13801
Terrance , 85 , 2 , 5 , false , 1 , 11023
Marc , 53 , 1 , 50 , false , 3 , 10729
Morgan , 35 , 5 , 35 , false , 1 , 10028
Valentino , 39 , 2 , 69 , false , 3 , 14842
Demetrius , 38 , 2 , 77 , false , 3 , 10144
Kristian , 100 , 5 , 6 , false , 2 , 10163
Hezekiah , 7 , 4 , 76 , false , 1 , 13458
Lee , 99 , 6 , 41 , false , 1 , 13034
Alessandro , 71 , 5 , 90 , false , 1 , 13485
Makai , 18 , 6 , 27 , false , 1 , 13981
Rex , 70 , 8 , 14 , false , 2 , 10668
Callum , 10 , 7 , 36 , false , 3 , 12115
Kamari , 99 , 3 , 71 , false , 2 , 14435
Casen , 81 , 5 , 3 , false , 3 , 10923
Tripp , 38 , 4 , 10 , false , 3 , 14399
Callan , 95 , 6 , 47 , false , 2 , 11333
Stanley , 29 , 5 , 62 , false , 1 , 12591
Toby , 82 , 3 , 40 , false , 2 , 13968
Elian , 8 , 6 , 41 , false , 1 , 11740
Langston , 29 , 1 , 17 , false , 1 , 11383
Melvin , 93 , 8 , 79 , false , 3 , 13945
Payton , 78 , 9 , 94 , false , 3 , 14573
Flynn , 27 , 5 , 68 , false , 2 , 13397
Jamir , 11 , 2 , 100 , false , 1 , 12389
Kyree , 68 , 9 , 57 , false , 3 , 13238
Aryan , 50 , 8 , 49 , false , 3 , 12418
Axton , 84 , 10 , 38 , false , 1 , 13863
Azariah , 36 , 1 , 64 , false , 1 , 10366
Branson , 37 , 5 , 23 , false , 1 , 14946
Reese , 20 , 6 , 68 , false , 2 , 11914
Adonis , 9 , 8 , 24 , false , 3 , 13697
Thaddeus , 62 , 7 , 85 , false , 1 , 14731
Zeke , 55 , 7 , 94 , false , 1 , 11157
Tommy , 57 , 8 , 100 , false , 2 , 13655
Blaze , 19 , 6 , 62 , false , 3 , 10810
Carmelo , 8 , 3 , 76 , false , 1 , 14582
Skylar , 42 , 8 , 21 , false , 2 , 14552
Arian , 70 , 10 , 19 , false , 3 , 11790
Bruno , 2 , 9 , 39 , false , 2 , 14952
Kaysen , 48 , 3 , 32 , false , 2 , 14121
Layne , 87 , 8 , 29 , false , 1 , 11909
Ray , 91 , 10 , 22 , false , 1 , 11737
Zain , 57 , 2 , 25 , false , 1 , 12027
Crew , 77 , 6 , 58 , false , 2 , 13150
Jedidiah , 100 , 1 , 59 , false , 1 , 11246
Rodney , 63 , 6 , 50 , false , 1 , 14684
Clay , 23 , 2 , 54 , false , 3 , 10631
Tomas , 64 , 4 , 43 , false , 1 , 14311
Alden , 80 , 3 , 23 , false , 3 , 10168
Jadiel , 2 , 3 , 66 , false , 2 , 11931
Harper , 17 , 3 , 32 , false , 2 , 10600
Ares , 30 , 10 , 38 , false , 2 , 10034
Cory , 75 , 4 , 67 , false , 2 , 11456
Brecken , 50 , 1 , 50 , false , 2 , 10079
Chaim , 13 , 3 , 72 , false , 3 , 12378
Nickolas , 93 , 9 , 64 , false , 3 , 14498
Kareem , 95 , 6 , 61 , false , 1 , 12204
Xzavier , 13 , 7 , 46 , false , 2 , 12537
Kaison , 80 , 9 , 43 , false , 3 , 13455
Alonso , 99 , 7 , 99 , false , 3 , 13589
Amos , 78 , 5 , 13 , false , 2 , 12750
Vicente , 91 , 3 , 91 , false , 2 , 10150
Samir , 42 , 10 , 28 , false , 3 , 11628
Yosef , 32 , 7 , 88 , false , 1 , 12920
Jamal , 77 , 9 , 49 , false , 2 , 10405
Jon , 56 , 9 , 53 , false , 1 , 11867
Bobby , 42 , 3 , 32 , false , 1 , 10583
Aron , 35 , 9 , 76 , false , 3 , 13853
Ben , 78 , 6 , 54 , false , 3 , 10719
Ford , 34 , 1 , 38 , false , 1 , 11769
Brodie , 10 , 7 , 30 , false , 3 , 13266
Cain , 87 , 5 , 35 , false , 1 , 10322
Finnley , 55 , 3 , 5 , false , 1 , 13889
Briggs , 40 , 2 , 38 , false , 1 , 12848
Davion , 92 , 7 , 14 , false , 2 , 14305
Kingsley , 85 , 10 , 47 , false , 3 , 11602
Brett , 68 , 5 , 51 , false , 3 , 11543
Wayne , 18 , 3 , 61 , false , 2 , 10273
Zackary , 83 , 10 , 58 , false , 1 , 11047
Apollo , 99 , 1 , 19 , false , 1 , 12997
Emery , 19 , 10 , 46 , false , 2 , 14975
Joziah , 52 , 9 , 57 , false , 2 , 12594
Lucca , 11 , 7 , 29 , false , 2 , 13812
Bentlee , 25 , 1 , 47 , false , 2 , 12533
Hassan , 72 , 7 , 44 , false , 3 , 11056
Westin , 43 , 8 , 87 , false , 1 , 10115
Joey , 36 , 2 , 95 , false , 2 , 11915
Vance , 22 , 5 , 84 , false , 3 , 11533
Marcelo , 30 , 1 , 50 , false , 1 , 11353
Axl , 14 , 3 , 84 , false , 1 , 12818
Jermaine , 69 , 2 , 37 , false , 3 , 10011
Chad , 93 , 6 , 91 , false , 3 , 10118
Gerald , 6 , 7 , 50 , false , 2 , 12699
Kole , 65 , 5 , 36 , false , 3 , 11554
Dash , 69 , 2 , 47 , false , 2 , 14639
Dayton , 52 , 5 , 74 , false , 3 , 10646
Lachlan , 92 , 5 , 30 , false , 3 , 12318
Shaun , 41 , 2 , 76 , false , 3 , 10002
Kody , 46 , 9 , 70 , false , 3 , 11892
Ronnie , 69 , 3 , 17 , false , 2 , 11314
Kolten , 23 , 5 , 96 , false , 2 , 11046
Marcel , 35 , 2 , 33 , false , 2 , 14157
Stetson , 79 , 1 , 13 , false , 2 , 14329
Willie , 83 , 1 , 1 , false , 2 , 14983
Jeffery , 4 , 6 , 24 , false , 1 , 10001
Brantlee , 68 , 5 , 65 , false , 2 , 11200
Elisha , 79 , 9 , 78 , false , 2 , 13279
Maxim , 24 , 10 , 51 , false , 1 , 11718
Kendall , 61 , 7 , 21 , false , 2 , 13045
Harry , 50 , 7 , 46 , false , 1 , 14815
Leandro , 81 , 7 , 71 , false , 1 , 11780
Aaden , 25 , 4 , 26 , false , 1 , 11859
Channing , 26 , 9 , 71 , false , 2 , 13043
Kohen , 2 , 8 , 3 , false , 1 , 13585
Yousef , 73 , 4 , 24 , false , 2 , 13335
Darian , 69 , 4 , 42 , false , 3 , 12446
Enoch , 58 , 7 , 4 , false , 2 , 11954
Mayson , 84 , 4 , 31 , false , 2 , 14743
Neymar , 42 , 7 , 62 , false , 2 , 12940
Giovani , 57 , 3 , 71 , false , 1 , 14816
Alfonso , 8 , 3 , 32 , false , 3 , 13126
Duncan , 68 , 9 , 72 , false , 1 , 12864
Anders , 19 , 10 , 64 , false , 3 , 12449
Braeden , 18 , 5 , 5 , false , 1 , 14665
Dwayne , 49 , 10 , 4 , false , 3 , 11600
Keagan , 44 , 9 , 66 , false , 2 , 11428
Felipe , 34 , 3 , 64 , false , 2 , 12402
Fisher , 42 , 4 , 54 , false , 2 , 13196
Stefan , 18 , 4 , 66 , false , 3 , 11056
Trace , 67 , 9 , 13 , false , 2 , 13797
Aydin , 30 , 2 , 87 , false , 3 , 12232
Anson , 40 , 9 , 51 , false , 1 , 14593
Clyde , 32 , 10 , 19 , false , 3 , 12205
Blaise , 21 , 8 , 90 , false , 2 , 11504
Canaan , 86 , 4 , 88 , false , 1 , 10375
Maxton , 96 , 2 , 26 , false , 1 , 13544
Alexzander , 24 , 8 , 16 , false , 1 , 14422
Billy , 48 , 9 , 51 , false , 1 , 12404
Harold , 96 , 2 , 46 , false , 2 , 10327
Baylor , 52 , 7 , 67 , false , 3 , 11911
Gordon , 72 , 8 , 7 , false , 1 , 11931
Rene , 83 , 7 , 53 , false , 2 , 13966
Terrence , 97 , 1 , 56 , false , 1 , 13692
Vincenzo , 78 , 2 , 93 , false , 1 , 11561
Kamdyn , 98 , 6 , 43 , false , 3 , 10740
Marlon , 22 , 6 , 79 , false , 3 , 10485
Castiel , 43 , 9 , 15 , false , 2 , 12221
Lamar , 99 , 3 , 28 , false , 2 , 10890
Augustine , 46 , 10 , 73 , false , 1 , 13014
Jamie , 17 , 9 , 26 , false , 3 , 11157
Eugene , 87 , 9 , 85 , false , 3 , 10652
Harlan , 26 , 2 , 99 , false , 2 , 10989
Kase , 36 , 6 , 100 , false , 2 , 11746
Miller , 21 , 9 , 29 , false , 1 , 14650
Van , 71 , 5 , 2 , false , 1 , 10645
Kolby , 17 , 2 , 76 , false , 3 , 10720
Sonny , 33 , 1 , 31 , false , 3 , 11660
Emory , 84 , 5 , 63 , false , 2 , 10649
Junior , 4 , 7 , 48 , false , 3 , 12718
Graysen , 94 , 6 , 67 , false , 1 , 10526
Heath , 70 , 5 , 72 , false , 1 , 10739
Rogelio , 69 , 9 , 3 , false , 3 , 12332
Will , 76 , 8 , 65 , false , 3 , 13596
Amare , 25 , 9 , 91 , false , 3 , 12921
Ameer , 41 , 2 , 39 , false , 1 , 10196
Camdyn , 57 , 3 , 72 , false , 2 , 10005
Jerome , 98 , 7 , 2 , false , 1 , 13718
Maison , 93 , 9 , 10 , false , 3 , 10883
Micheal , 94 , 1 , 12 , false , 1 , 13227
Cristiano , 8 , 4 , 17 , false , 1 , 13472
Giancarlo , 38 , 1 , 14 , false , 3 , 11729
Henrik , 62 , 7 , 14 , false , 1 , 11063
Lochlan , 71 , 1 , 60 , false , 1 , 12402
Bode , 30 , 7 , 92 , false , 1 , 12663
Camron , 27 , 2 , 86 , false , 3 , 10988
Houston , 14 , 8 , 23 , false , 1 , 13247
Otis , 47 , 9 , 90 , false , 2 , 11598
Hugh , 71 , 4 , 87 , false , 1 , 10605
Kannon , 50 , 6 , 88 , false , 1 , 12681
Konnor , 43 , 10 , 99 , false , 2 , 13928
Emmet , 14 , 2 , 12 , false , 3 , 12249
Kamryn , 1 , 3 , 99 , false , 1 , 10493
Maximo , 46 , 3 , 64 , false , 1 , 11683
Adrien , 14 , 7 , 9 , false , 1 , 14691
Cedric , 15 , 1 , 49 , false , 1 , 11560
Dariel , 31 , 8 , 51 , false , 3 , 11832
Landry , 31 , 4 , 45 , false , 3 , 12544
Leighton , 94 , 4 , 9 , false , 1 , 13619
Magnus , 2 , 9 , 92 , false , 1 , 14426
Draven , 76 , 1 , 83 , false , 1 , 10182
Javon , 26 , 10 , 83 , false , 3 , 10055
Marley , 44 , 8 , 3 , false , 2 , 10139
Zavier , 36 , 8 , 34 , false , 3 , 13068
Markus , 30 , 5 , 15 , false , 2 , 14467
Justus , 34 , 2 , 8 , false , 3 , 10008
Reyansh , 34 , 3 , 92 , false , 2 , 10187
Rudy , 74 , 5 , 38 , false , 1 , 13169
Santana , 45 , 1 , 30 , false , 2 , 12847
Misael , 69 , 6 , 75 , false , 3 , 10916
Abdiel , 96 , 4 , 41 , false , 2 , 12521
Davian , 60 , 3 , 13 , false , 2 , 10167
Zaire , 74 , 4 , 72 , false , 3 , 10222
Jordy , 60 , 10 , 67 , false , 3 , 11296
Reginald , 89 , 3 , 100 , false , 2 , 14190
Benton , 47 , 6 , 29 , false , 2 , 11191
Darwin , 45 , 9 , 75 , false , 1 , 14977
Franco , 48 , 7 , 72 , false , 1 , 12467
Jairo , 40 , 5 , 71 , false , 3 , 14900
Jonathon , 46 , 2 , 42 , false , 1 , 10469
Reuben , 39 , 10 , 62 , false , 1 , 13868
Urijah , 5 , 6 , 7 , false , 3 , 11308
Vivaan , 98 , 7 , 29 , false , 1 , 10013
Brent , 6 , 9 , 63 , false , 1 , 13329
Gauge , 82 , 9 , 67 , false , 2 , 14530
Vaughn , 67 , 9 , 53 , false , 3 , 13560
Coleman , 22 , 9 , 12 , false , 2 , 13987
Zaid , 33 , 2 , 75 , false , 3 , 11423
Terrell , 36 , 8 , 52 , false , 3 , 10458
Kenny , 18 , 2 , 29 , false , 1 , 14850
Brice , 10 , 3 , 71 , false , 2 , 12715
Lyric , 1 , 5 , 17 , false , 2 , 11254
Judson , 29 , 9 , 53 , false , 2 , 11665
Shiloh , 92 , 2 , 57 , false , 3 , 14461
Damari , 80 , 1 , 49 , false , 2 , 11616
Kalel , 59 , 10 , 38 , false , 3 , 14130
Braiden , 40 , 9 , 95 , false , 2 , 10575
Brenden , 63 , 10 , 22 , false , 2 , 10466
Coen , 76 , 7 , 97 , false , 3 , 12197
Denver , 62 , 1 , 22 , false , 1 , 10036
Javion , 83 , 9 , 89 , false , 2 , 12230
Thatcher , 5 , 2 , 31 , false , 1 , 13780
Rey , 13 , 3 , 81 , false , 3 , 12941
Dilan , 8 , 2 , 4 , false , 3 , 12499
Dimitri , 22 , 5 , 58 , false , 3 , 10984
Immanuel , 55 , 9 , 7 , false , 2 , 13195
Mustafa , 95 , 1 , 44 , false , 2 , 12393
Ulises , 26 , 10 , 35 , false , 1 , 13685
Alvaro , 67 , 1 , 18 , false , 1 , 10579
Dominique , 12 , 7 , 1 , false , 1 , 13535
Eliseo , 52 , 6 , 92 , false , 1 , 14304
Anakin , 28 , 5 , 83 , false , 3 , 11042
Craig , 30 , 9 , 53 , false , 2 , 13463
Dario , 98 , 10 , 4 , false , 2 , 14557
Santos , 41 , 1 , 30 , false , 2 , 13348
Grey , 61 , 9 , 55 , false , 3 , 11534
Ishaan , 90 , 4 , 22 , false , 3 , 14323
Jessie , 26 , 1 , 90 , false , 1 , 14394
Jonael , 84 , 1 , 76 , false , 3 , 13564
Alfred , 39 , 5 , 67 , false , 3 , 10068
Tyrone , 24 , 4 , 19 , false , 3 , 14043
Valentin , 67 , 5 , 64 , false , 1 , 12776
Jadon , 99 , 3 , 92 , false , 2 , 14795
Turner , 15 , 10 , 57 , false , 2 , 11660
Ignacio , 3 , 10 , 2 , false , 3 , 13526
Riaan , 66 , 9 , 64 , false , 1 , 12461
Rocky , 32 , 7 , 48 , false , 1 , 10862
Ephraim , 91 , 8 , 27 , false , 3 , 11592
Marquis , 55 , 4 , 8 , false , 3 , 12575
Musa , 55 , 2 , 77 , false , 3 , 11667
Keenan , 37 , 6 , 59 , false , 1 , 12042
Ridge , 37 , 6 , 11 , false , 3 , 11338
Chace , 25 , 1 , 98 , false , 2 , 11531
Kymani , 60 , 2 , 52 , false , 3 , 14266
Rodolfo , 96 , 3 , 71 , false , 1 , 12438
Darrell , 98 , 8 , 50 , false , 2 , 13919
Steve , 69 , 2 , 85 , false , 2 , 11751
Agustin , 80 , 8 , 7 , false , 2 , 12966
Jaziel , 45 , 8 , 50 , false , 1 , 14588
Boone , 33 , 4 , 2 , false , 1 , 12391
Cairo , 69 , 2 , 36 , false , 2 , 11585
Kashton , 74 , 8 , 43 , false , 2 , 11212
Rashad , 15 , 6 , 74 , false , 2 , 11126
Gibson , 25 , 2 , 94 , false , 3 , 14323
Jabari , 60 , 10 , 93 , false , 3 , 10272
Avi , 34 , 4 , 26 , false , 2 , 12780
Quintin , 69 , 5 , 64 , false , 2 , 13244
Seamus , 50 , 10 , 84 , false , 1 , 14556
Rolando , 96 , 8 , 53 , false , 1 , 11460
Sutton , 79 , 8 , 42 , false , 2 , 10680
Camilo , 17 , 3 , 12 , false , 1 , 14143
Triston , 84 , 3 , 89 , false , 3 , 12228
Yehuda , 21 , 10 , 36 , false , 1 , 14885
Cristopher , 32 , 4 , 16 , false , 3 , 12528
Davin , 24 , 3 , 39 , false , 3 , 10635
Ernest , 99 , 6 , 34 , false , 2 , 14528
Jamarion , 66 , 9 , 12 , false , 1 , 12017
Kamren , 7 , 2 , 12 , false , 3 , 14372
Salvatore , 92 , 7 , 55 , false , 3 , 13850
Anton , 40 , 1 , 36 , false , 2 , 10477
Aydan , 17 , 1 , 40 , false , 1 , 13657
Huxley , 76 , 3 , 16 , false , 3 , 11243
Jovani , 44 , 8 , 4 , false , 1 , 10153
Wilder , 73 , 5 , 17 , false , 3 , 13010
Bodie , 90 , 8 , 30 , false , 2 , 13905
Jordyn , 32 , 5 , 68 , false , 1 , 11993
Louie , 45 , 4 , 76 , false , 1 , 13289
Achilles , 85 , 2 , 94 , false , 2 , 13923
Kaeden , 89 , 6 , 1 , false , 3 , 10353
Kamron , 6 , 5 , 71 , false , 3 , 12700
Aarush , 33 , 3 , 80 , false , 1 , 14757
Deangelo , 37 , 4 , 45 , false , 3 , 13412
Robin , 38 , 9 , 48 , false , 3 , 12584
Yadiel , 37 , 9 , 48 , false , 3 , 13600
Yahya , 71 , 8 , 48 , false , 2 , 14861
Boden , 1 , 10 , 79 , false , 3 , 12701
Ean , 79 , 6 , 64 , false , 1 , 14016
Kye , 74 , 6 , 10 , false , 3 , 11949
Kylen , 22 , 5 , 99 , false , 2 , 11418
Todd , 83 , 7 , 19 , false , 1 , 13037
Truman , 19 , 3 , 56 , false , 2 , 11927
Chevy , 69 , 9 , 7 , false , 2 , 13440
Gilbert , 8 , 7 , 48 , false , 2 , 11185
Haiden , 65 , 9 , 32 , false , 2 , 10865
Brixton , 81 , 10 , 72 , false , 1 , 13519
Dangelo , 90 , 6 , 77 , false , 3 , 12195
Juelz , 14 , 1 , 100 , false , 3 , 14947
Osvaldo , 27 , 2 , 66 , false , 1 , 14087
Bishop , 59 , 3 , 65 , false , 1 , 11467
Freddy , 2 , 2 , 16 , false , 1 , 11899
Reagan , 81 , 6 , 99 , false , 2 , 10647
Frankie , 18 , 3 , 13 , false , 2 , 11004
Malaki , 8 , 10 , 35 , false , 1 , 13631
Camren , 82 , 8 , 73 , false , 1 , 13170
Deshawn , 13 , 10 , 16 , false , 3 , 14066
Jayvion , 35 , 8 , 41 , false , 1 , 10662
Leroy , 40 , 3 , 80 , false , 2 , 13586
Briar , 27 , 7 , 31 , false , 3 , 12152
Jaydon , 35 , 9 , 64 , false , 2 , 10557
