Emma , 95 , 3 , false , 2 , 2 , 11401
Olivia , 70 , 2 , false , 3 , 3 , 11559
Sophia , 29 , 10 , false , 2 , 2 , 14321
Ava , 51 , 8 , false , 3 , 2 , 12344
Isabella , 42 , 9 , false , 3 , 3 , 14747
Mia , 56 , 7 , false , 1 , 3 , 14927
Abigail , 56 , 5 , false , 1 , 1 , 12883
Emily , 31 , 2 , false , 1 , 3 , 14608
Charlotte , 26 , 3 , false , 2 , 2 , 13041
Harper , 1 , 5 , false , 1 , 1 , 11346
Madison , 46 , 8 , false , 1 , 1 , 10969
Amelia , 2 , 6 , false , 3 , 2 , 11673
Elizabeth , 55 , 6 , false , 3 , 1 , 12907
Sofia , 74 , 6 , false , 2 , 1 , 12809
Evelyn , 92 , 6 , false , 2 , 3 , 10479
Avery , 24 , 3 , false , 3 , 2 , 10177
Chloe , 42 , 1 , false , 3 , 2 , 12720
Ella , 48 , 9 , false , 2 , 1 , 13547
Grace , 1 , 10 , false , 3 , 2 , 11365
Victoria , 13 , 6 , false , 3 , 2 , 10406
Aubrey , 41 , 7 , false , 1 , 3 , 12056
Scarlett , 3 , 8 , false , 2 , 2 , 11572
Zoey , 8 , 2 , false , 3 , 3 , 11939
Addison , 66 , 2 , false , 3 , 1 , 14608
Lily , 39 , 4 , false , 2 , 3 , 10283
Lillian , 56 , 6 , false , 1 , 1 , 14550
Natalie , 58 , 8 , false , 2 , 3 , 13603
Hannah , 45 , 4 , false , 2 , 3 , 13485
Aria , 26 , 2 , false , 3 , 1 , 13767
Layla , 68 , 6 , false , 3 , 2 , 12628
Brooklyn , 10 , 8 , false , 1 , 2 , 13640
Alexa , 58 , 5 , false , 1 , 2 , 14092
Zoe , 98 , 8 , false , 1 , 3 , 14397
Penelope , 26 , 10 , false , 1 , 1 , 14103
Riley , 18 , 5 , false , 2 , 3 , 14076
Leah , 5 , 6 , false , 3 , 3 , 13024
Audrey , 93 , 8 , false , 2 , 2 , 11318
Savannah , 63 , 7 , false , 3 , 2 , 12336
Allison , 70 , 8 , false , 3 , 2 , 13993
Samantha , 51 , 8 , false , 3 , 1 , 14597
Nora , 31 , 3 , false , 3 , 1 , 10798
Skylar , 81 , 4 , false , 2 , 2 , 10133
Camila , 41 , 9 , false , 2 , 3 , 11555
Anna , 71 , 6 , false , 1 , 2 , 14735
Paisley , 72 , 5 , false , 2 , 1 , 13107
Ariana , 88 , 7 , false , 2 , 2 , 13813
Ellie , 24 , 5 , false , 3 , 2 , 12563
Aaliyah , 17 , 10 , false , 3 , 3 , 14603
Claire , 20 , 4 , false , 3 , 2 , 14587
Violet , 99 , 5 , false , 2 , 1 , 10241
Stella , 48 , 5 , false , 2 , 1 , 10280
Sadie , 66 , 10 , false , 1 , 3 , 12043
Mila , 73 , 6 , false , 2 , 3 , 12094
Gabriella , 51 , 8 , false , 2 , 2 , 13391
Lucy , 9 , 1 , false , 3 , 1 , 11484
Arianna , 53 , 1 , false , 2 , 1 , 13983
Kennedy , 72 , 7 , false , 3 , 2 , 12258
Sarah , 21 , 5 , false , 2 , 1 , 10886
Madelyn , 36 , 5 , false , 3 , 2 , 11994
Eleanor , 100 , 6 , false , 2 , 2 , 14466
Kaylee , 94 , 1 , false , 2 , 1 , 10111
Caroline , 63 , 4 , false , 2 , 1 , 10530
Hazel , 46 , 5 , false , 1 , 1 , 11241
Hailey , 57 , 6 , false , 2 , 2 , 14885
Genesis , 75 , 3 , false , 1 , 2 , 11957
Kylie , 36 , 9 , false , 3 , 1 , 13330
Autumn , 1 , 5 , false , 3 , 1 , 12543
Piper , 6 , 2 , false , 3 , 3 , 13433
Maya , 92 , 5 , false , 1 , 1 , 11549
Nevaeh , 92 , 8 , false , 1 , 3 , 12644
Serenity , 92 , 6 , false , 2 , 1 , 14484
Peyton , 89 , 1 , false , 1 , 3 , 11209
Mackenzie , 45 , 3 , false , 3 , 1 , 11652
Bella , 39 , 4 , false , 1 , 1 , 14062
Eva , 80 , 1 , false , 1 , 2 , 13479
Taylor , 28 , 10 , false , 3 , 1 , 13950
Naomi , 26 , 8 , false , 2 , 1 , 10862
Aubree , 92 , 3 , false , 3 , 3 , 14866
Aurora , 44 , 10 , false , 2 , 1 , 13439
Melanie , 93 , 7 , false , 3 , 1 , 12324
Lydia , 98 , 8 , false , 2 , 2 , 10945
Brianna , 47 , 6 , false , 3 , 1 , 14889
Ruby , 16 , 2 , false , 3 , 3 , 12155
Katherine , 82 , 5 , false , 2 , 1 , 10620
Ashley , 66 , 9 , false , 1 , 3 , 10396
Alexis , 62 , 1 , false , 2 , 1 , 10288
Alice , 49 , 6 , false , 1 , 3 , 13873
Cora , 51 , 2 , false , 1 , 1 , 12487
Julia , 19 , 4 , false , 3 , 3 , 13358
Madeline , 47 , 1 , false , 2 , 1 , 11385
Faith , 45 , 4 , false , 3 , 1 , 13821
Annabelle , 92 , 10 , false , 1 , 1 , 10527
Alyssa , 12 , 5 , false , 2 , 2 , 14979
Isabelle , 99 , 9 , false , 1 , 2 , 10286
Vivian , 81 , 8 , false , 1 , 3 , 10987
Gianna , 28 , 10 , false , 1 , 1 , 10967
Quinn , 96 , 9 , false , 3 , 2 , 10266
Clara , 5 , 5 , false , 2 , 3 , 10550
Reagan , 25 , 1 , false , 3 , 1 , 11706
Khloe , 95 , 7 , false , 1 , 3 , 14225
Related , 63 , 9 , false , 1 , 3 , 12289
Post , 63 , 1 , false , 3 , 2 , 12114
IRISH , 79 , 5 , false , 2 , 1 , 14057
NAMES , 29 , 6 , false , 2 , 3 , 14644
Alexandra , 42 , 10 , false , 1 , 3 , 10549
Hadley , 93 , 2 , false , 3 , 2 , 12888
Eliana , 74 , 2 , false , 3 , 1 , 10315
Sophie , 1 , 1 , false , 1 , 3 , 12882
London , 92 , 10 , false , 3 , 3 , 12151
Elena , 58 , 4 , false , 1 , 2 , 14710
Kimberly , 14 , 2 , false , 2 , 2 , 13649
Bailey , 62 , 5 , false , 3 , 1 , 10665
Maria , 91 , 5 , false , 1 , 3 , 10235
Luna , 16 , 10 , false , 2 , 1 , 13860
Willow , 80 , 7 , false , 1 , 1 , 11542
Jasmine , 53 , 8 , false , 2 , 2 , 12086
Kinsley , 39 , 7 , false , 3 , 3 , 14885
Valentina , 29 , 3 , false , 2 , 3 , 12123
Kayla , 47 , 10 , false , 1 , 2 , 10370
Delilah , 94 , 3 , false , 1 , 1 , 11255
Andrea , 84 , 3 , false , 1 , 3 , 14502
Natalia , 87 , 8 , false , 2 , 1 , 13710
Lauren , 78 , 4 , false , 1 , 2 , 14805
Morgan , 35 , 8 , false , 3 , 1 , 14916
Rylee , 44 , 5 , false , 1 , 3 , 14861
Sydney , 9 , 7 , false , 3 , 1 , 10288
Adalynn , 80 , 6 , false , 2 , 3 , 11500
Mary , 65 , 10 , false , 2 , 1 , 10874
Ximena , 1 , 6 , false , 1 , 2 , 13242
Jade , 88 , 4 , false , 1 , 1 , 10650
Liliana , 49 , 10 , false , 1 , 2 , 11502
Brielle , 26 , 10 , false , 2 , 2 , 11431
Ivy , 38 , 1 , false , 3 , 2 , 12403
Trinity , 100 , 5 , false , 2 , 1 , 14920
Josephine , 91 , 4 , false , 2 , 2 , 10242
Adalyn , 1 , 8 , false , 3 , 1 , 12166
Jocelyn , 29 , 3 , false , 1 , 2 , 10771
Emery , 19 , 1 , false , 2 , 2 , 10819
Adeline , 54 , 6 , false , 1 , 1 , 10355
Jordyn , 7 , 3 , false , 1 , 2 , 12043
Ariel , 44 , 3 , false , 2 , 3 , 12733
Everly , 84 , 3 , false , 3 , 1 , 11984
Lilly , 59 , 10 , false , 1 , 3 , 13933
Paige , 93 , 5 , false , 2 , 1 , 12662
Isla , 75 , 8 , false , 2 , 2 , 12670
Lyla , 78 , 2 , false , 2 , 3 , 13753
Makayla , 17 , 2 , false , 2 , 3 , 13291
Molly , 52 , 2 , false , 3 , 2 , 14802
Emilia , 81 , 5 , false , 3 , 2 , 12132
Mya , 77 , 4 , false , 2 , 2 , 10959
Kendall , 91 , 7 , false , 2 , 2 , 12932
Melody , 50 , 8 , false , 1 , 2 , 12537
Isabel , 18 , 1 , false , 3 , 3 , 13648
Brooke , 73 , 7 , false , 3 , 3 , 13281
Mckenzie , 44 , 1 , false , 3 , 3 , 11002
Nicole , 20 , 5 , false , 3 , 1 , 13946
Payton , 8 , 1 , false , 3 , 2 , 12950
Margaret , 86 , 7 , false , 3 , 3 , 14708
Mariah , 78 , 8 , false , 1 , 1 , 10952
Eden , 100 , 1 , false , 2 , 1 , 13450
Athena , 73 , 4 , false , 3 , 2 , 10721
Amy , 53 , 2 , false , 3 , 3 , 13578
Norah , 35 , 10 , false , 1 , 2 , 10096
Londyn , 72 , 5 , false , 2 , 2 , 12924
Valeria , 44 , 1 , false , 1 , 1 , 12698
Sara , 47 , 4 , false , 2 , 2 , 10233
Aliyah , 31 , 10 , false , 2 , 2 , 13020
Angelina , 90 , 8 , false , 1 , 3 , 12489
Gracie , 83 , 2 , false , 3 , 1 , 11150
Rose , 98 , 4 , false , 1 , 1 , 10484
Rachel , 99 , 6 , false , 2 , 1 , 13022
Juliana , 76 , 2 , false , 2 , 3 , 10028
Laila , 2 , 1 , false , 3 , 3 , 11323
Brooklynn , 62 , 4 , false , 3 , 1 , 14840
Valerie , 51 , 8 , false , 1 , 3 , 10149
Alina , 54 , 1 , false , 1 , 2 , 13684
Reese , 60 , 8 , false , 2 , 1 , 11670
Elise , 34 , 5 , false , 2 , 3 , 10172
Eliza , 42 , 3 , false , 2 , 1 , 12875
Alaina , 39 , 4 , false , 2 , 3 , 13508
Raelynn , 31 , 2 , false , 2 , 2 , 10604
Leilani , 6 , 9 , false , 2 , 2 , 12517
Catherine , 93 , 8 , false , 2 , 3 , 10976
Emerson , 70 , 8 , false , 1 , 2 , 11838
Cecilia , 65 , 4 , false , 1 , 3 , 10105
Genevieve , 69 , 7 , false , 2 , 3 , 12567
Daisy , 58 , 10 , false , 3 , 2 , 12474
Harmony , 78 , 10 , false , 2 , 3 , 12697
Vanessa , 35 , 9 , false , 3 , 3 , 13182
Adriana , 14 , 1 , false , 3 , 3 , 11532
Presley , 63 , 10 , false , 1 , 2 , 13647
Rebecca , 13 , 6 , false , 1 , 1 , 14233
Destiny , 36 , 3 , false , 3 , 3 , 13586
Hayden , 50 , 7 , false , 2 , 3 , 10420
Julianna , 6 , 1 , false , 1 , 3 , 11582
Michelle , 34 , 8 , false , 2 , 1 , 11412
Adelyn , 18 , 10 , false , 1 , 2 , 12926
Arabella , 82 , 8 , false , 3 , 2 , 14550
Summer , 88 , 5 , false , 3 , 2 , 10793
Callie , 59 , 3 , false , 1 , 3 , 10728
Kaitlyn , 52 , 5 , false , 3 , 3 , 10918
Ryleigh , 12 , 5 , false , 1 , 2 , 11291
Lila , 91 , 5 , false , 1 , 2 , 13089
Daniela , 38 , 8 , false , 1 , 2 , 13358
Arya , 29 , 1 , false , 3 , 3 , 13691
Alana , 88 , 1 , false , 1 , 3 , 14329
Esther , 35 , 8 , false , 2 , 1 , 12571
Finley , 72 , 7 , false , 3 , 2 , 13674
Gabrielle , 50 , 3 , false , 1 , 3 , 14268
Jessica , 80 , 2 , false , 3 , 1 , 11944
Charlie , 36 , 6 , false , 1 , 3 , 12137
Stephanie , 67 , 8 , false , 3 , 2 , 14683
Tessa , 30 , 9 , false , 2 , 3 , 13322
Makenzie , 25 , 6 , false , 1 , 2 , 13407
Ana , 75 , 3 , false , 1 , 1 , 13946
Amaya , 20 , 5 , false , 3 , 2 , 10354
Alexandria , 45 , 2 , false , 2 , 3 , 13160
Alivia , 78 , 8 , false , 2 , 2 , 11361
Nova , 14 , 9 , false , 3 , 1 , 10792
Anastasia , 94 , 3 , false , 2 , 3 , 14375
Iris , 57 , 1 , false , 2 , 1 , 10985
Marley , 9 , 9 , false , 3 , 2 , 14574
Fiona , 37 , 6 , false , 1 , 3 , 14824
Angela , 71 , 7 , false , 2 , 3 , 14733
Giselle , 75 , 3 , false , 1 , 1 , 10030
Kate , 36 , 10 , false , 1 , 1 , 12933
Alayna , 1 , 4 , false , 3 , 3 , 13901
Lola , 92 , 1 , false , 1 , 3 , 14031
Lucia , 7 , 4 , false , 3 , 1 , 12292
Juliette , 13 , 6 , false , 1 , 2 , 14185
Parker , 35 , 10 , false , 3 , 3 , 12444
Teagan , 81 , 4 , false , 2 , 3 , 13950
Sienna , 69 , 7 , false , 1 , 1 , 11970
Georgia , 98 , 8 , false , 3 , 1 , 12294
Hope , 25 , 7 , false , 1 , 1 , 10502
Cali , 100 , 3 , false , 3 , 2 , 11697
Vivienne , 77 , 6 , false , 1 , 1 , 13513
Izabella , 45 , 9 , false , 1 , 2 , 13614
Kinley , 30 , 1 , false , 3 , 1 , 14426
Daleyza , 94 , 3 , false , 3 , 3 , 11502
Kylee , 38 , 1 , false , 3 , 1 , 14622
Jayla , 44 , 9 , false , 2 , 2 , 10848
Katelyn , 44 , 4 , false , 2 , 2 , 11789
Juliet , 49 , 1 , false , 2 , 3 , 10820
Maggie , 14 , 1 , false , 3 , 2 , 14685
Dakota , 100 , 3 , false , 1 , 3 , 14068
Delaney , 14 , 3 , false , 3 , 3 , 12480
Brynlee , 54 , 8 , false , 1 , 1 , 13684
Keira , 30 , 6 , false , 1 , 3 , 10139
Camille , 89 , 6 , false , 3 , 3 , 14544
Leila , 52 , 3 , false , 1 , 3 , 14541
Mckenna , 42 , 5 , false , 3 , 1 , 10469
Aniyah , 96 , 6 , false , 3 , 3 , 14520
Noelle , 86 , 3 , false , 1 , 2 , 10932
Josie , 54 , 6 , false , 1 , 2 , 11311
Jennifer , 19 , 1 , false , 2 , 1 , 10027
Melissa , 25 , 3 , false , 2 , 3 , 10828
Gabriela , 26 , 4 , false , 2 , 2 , 13525
Allie , 24 , 8 , false , 3 , 1 , 10626
Eloise , 64 , 3 , false , 2 , 3 , 10980
Cassidy , 43 , 7 , false , 1 , 1 , 14138
Jacqueline , 39 , 3 , false , 3 , 3 , 14241
Brynn , 11 , 4 , false , 2 , 3 , 10024
Sawyer , 75 , 10 , false , 1 , 3 , 12471
Evangeline , 24 , 1 , false , 2 , 1 , 13428
Jordan , 46 , 10 , false , 2 , 1 , 11161
Paris , 23 , 8 , false , 3 , 2 , 10070
Olive , 91 , 1 , false , 1 , 3 , 10159
Ayla , 57 , 4 , false , 3 , 1 , 10478
Rosalie , 79 , 7 , false , 1 , 3 , 11604
Kali , 70 , 2 , false , 1 , 1 , 11169
Maci , 86 , 6 , false , 2 , 3 , 11940
Gemma , 64 , 5 , false , 1 , 1 , 14903
Lilliana , 60 , 6 , false , 3 , 1 , 12978
Raegan , 55 , 3 , false , 1 , 3 , 13784
Lena , 92 , 8 , false , 2 , 3 , 13615
Adelaide , 17 , 1 , false , 2 , 2 , 10850
Journey , 88 , 3 , false , 3 , 2 , 14541
Adelynn , 76 , 4 , false , 1 , 2 , 14768
Alessandra , 52 , 6 , false , 1 , 3 , 11449
Kenzie , 4 , 2 , false , 3 , 1 , 12510
Miranda , 68 , 9 , false , 2 , 2 , 13349
Haley , 66 , 9 , false , 2 , 1 , 13325
June , 10 , 4 , false , 3 , 2 , 12712
Harley , 29 , 2 , false , 2 , 3 , 12287
Charlee , 34 , 8 , false , 3 , 3 , 14973
Lucille , 17 , 4 , false , 3 , 1 , 13230
Talia , 89 , 8 , false , 2 , 3 , 10098
Skyler , 92 , 6 , false , 2 , 3 , 12238
Makenna , 24 , 2 , false , 2 , 1 , 13907
Phoebe , 79 , 2 , false , 3 , 1 , 10819
Jane , 18 , 10 , false , 2 , 1 , 10539
Lyric , 72 , 10 , false , 2 , 3 , 13999
Angel , 36 , 1 , false , 2 , 2 , 10428
Elaina , 17 , 7 , false , 2 , 1 , 14018
Adrianna , 75 , 1 , false , 1 , 2 , 14953
Ruth , 89 , 8 , false , 2 , 3 , 12161
Miriam , 16 , 8 , false , 3 , 2 , 13170
Diana , 82 , 7 , false , 3 , 2 , 13538
Mariana , 22 , 2 , false , 2 , 2 , 14598
Danielle , 10 , 6 , false , 1 , 1 , 12022
Jenna , 85 , 10 , false , 2 , 1 , 10210
Shelby , 19 , 4 , false , 1 , 2 , 12923
Nina , 42 , 2 , false , 1 , 2 , 12546
Madeleine , 82 , 7 , false , 3 , 2 , 14803
Elliana , 74 , 5 , false , 3 , 2 , 12963
Amina , 76 , 2 , false , 1 , 1 , 12756
Amiyah , 42 , 9 , false , 2 , 2 , 10495
Chelsea , 39 , 5 , false , 2 , 3 , 12790
Joanna , 25 , 10 , false , 1 , 3 , 12494
Jada , 70 , 9 , false , 2 , 1 , 11471
Lexi , 66 , 9 , false , 2 , 3 , 12482
Katie , 11 , 8 , false , 2 , 3 , 14610
Maddison , 55 , 4 , false , 3 , 2 , 13779
Fatima , 37 , 3 , false , 3 , 2 , 11790
Vera , 98 , 4 , false , 2 , 1 , 14400
Malia , 96 , 2 , false , 1 , 3 , 14897
Lilah , 92 , 4 , false , 3 , 2 , 13265
Madilyn , 61 , 1 , false , 3 , 3 , 11133
Amanda , 97 , 1 , false , 1 , 1 , 12794
Daniella , 39 , 6 , false , 2 , 2 , 10814
Alexia , 61 , 4 , false , 1 , 3 , 14263
Kathryn , 81 , 7 , false , 2 , 2 , 11514
Paislee , 55 , 3 , false , 2 , 3 , 10930
Selena , 55 , 2 , false , 1 , 2 , 13349
Laura , 69 , 7 , false , 1 , 3 , 14373
Annie , 57 , 5 , false , 2 , 1 , 13558
Nyla , 13 , 8 , false , 3 , 2 , 10601
Catalina , 17 , 3 , false , 3 , 2 , 12672
Kayleigh , 24 , 10 , false , 2 , 1 , 11011
Sloane , 48 , 7 , false , 2 , 3 , 12206
Kamila , 5 , 1 , false , 2 , 3 , 13124
Lia , 69 , 5 , false , 1 , 3 , 13701
Haven , 100 , 2 , false , 1 , 2 , 11475
Rowan , 43 , 1 , false , 2 , 3 , 11946
Ashlyn , 73 , 6 , false , 2 , 2 , 14487
Christina , 41 , 4 , false , 2 , 2 , 11917
Amber , 13 , 10 , false , 1 , 3 , 14617
Myla , 45 , 9 , false , 1 , 3 , 12347
Addilyn , 46 , 5 , false , 1 , 3 , 10288
Erin , 7 , 1 , false , 1 , 2 , 14031
Alison , 59 , 10 , false , 1 , 2 , 14966
Ainsley , 47 , 9 , false , 2 , 2 , 14723
Raelyn , 20 , 9 , false , 3 , 2 , 11576
Cadence , 92 , 3 , false , 1 , 2 , 10715
Kendra , 4 , 1 , false , 1 , 1 , 11218
Heidi , 92 , 10 , false , 3 , 2 , 10497
Kelsey , 82 , 3 , false , 3 , 1 , 13950
Nadia , 93 , 1 , false , 2 , 1 , 12894
Alondra , 55 , 8 , false , 1 , 2 , 11455
Cheyenne , 91 , 3 , false , 1 , 2 , 10207
Kaydence , 6 , 10 , false , 3 , 1 , 10083
Mikayla , 58 , 1 , false , 2 , 3 , 12904
River , 72 , 2 , false , 2 , 3 , 12433
Heaven , 70 , 3 , false , 1 , 1 , 10088
Arielle , 70 , 6 , false , 1 , 3 , 12736
Lana , 14 , 5 , false , 1 , 1 , 13620
Blakely , 21 , 9 , false , 3 , 3 , 10317
Sabrina , 6 , 10 , false , 3 , 1 , 14928
Kyla , 75 , 2 , false , 3 , 1 , 13249
Ada , 55 , 6 , false , 3 , 3 , 13715
Gracelyn , 33 , 1 , false , 3 , 3 , 13234
Allyson , 11 , 7 , false , 2 , 2 , 14909
Felicity , 81 , 4 , false , 3 , 1 , 10654
Kira , 88 , 8 , false , 3 , 1 , 14987
Briella , 5 , 5 , false , 1 , 3 , 12429
Kamryn , 40 , 1 , false , 3 , 3 , 13709
Adaline , 65 , 7 , false , 3 , 1 , 14408
Alicia , 47 , 10 , false , 1 , 3 , 12824
Ember , 77 , 7 , false , 3 , 1 , 12089
Aylin , 74 , 4 , false , 3 , 1 , 13943
Veronica , 88 , 6 , false , 3 , 3 , 10178
Esmeralda , 61 , 9 , false , 2 , 2 , 14051
Sage , 21 , 2 , false , 2 , 2 , 11559
Leslie , 78 , 1 , false , 3 , 2 , 10936
Aspen , 85 , 1 , false , 1 , 2 , 14466
Gia , 64 , 10 , false , 1 , 1 , 11930
Camilla , 47 , 10 , false , 3 , 3 , 12629
Ashlynn , 66 , 9 , false , 3 , 3 , 12447
Scarlet , 1 , 9 , false , 1 , 2 , 11432
Journee , 32 , 10 , false , 1 , 2 , 10843
Daphne , 51 , 9 , false , 3 , 2 , 12684
Bianca , 34 , 1 , false , 2 , 1 , 11104
Mckinley , 96 , 4 , false , 2 , 1 , 12961
Amira , 85 , 8 , false , 3 , 3 , 10123
Carmen , 99 , 5 , false , 2 , 1 , 14056
Kyleigh , 56 , 2 , false , 3 , 2 , 11545
Megan , 52 , 2 , false , 3 , 3 , 13696
Skye , 59 , 3 , false , 1 , 3 , 11737
Elsie , 93 , 1 , false , 1 , 3 , 14952
Kennedi , 35 , 5 , false , 1 , 1 , 11018
Averie , 76 , 6 , false , 1 , 3 , 11957
Carly , 62 , 7 , false , 3 , 1 , 14075
Rylie , 57 , 1 , false , 1 , 1 , 13539
Gracelynn , 96 , 1 , false , 1 , 2 , 12815
Mallory , 30 , 8 , false , 2 , 1 , 12526
Emersyn , 38 , 9 , false , 3 , 3 , 12573
Logan , 33 , 6 , false , 1 , 3 , 11366
Camryn , 18 , 9 , false , 1 , 3 , 14067
Annabella , 100 , 5 , false , 2 , 2 , 11966
Dylan , 28 , 6 , false , 3 , 3 , 14480
Elle , 74 , 1 , false , 1 , 3 , 11155
Kiara , 39 , 8 , false , 1 , 1 , 11387
Yaretzi , 70 , 4 , false , 1 , 2 , 13422
Ariella , 70 , 10 , false , 3 , 1 , 12127
Zara , 88 , 3 , false , 2 , 2 , 11291
April , 30 , 2 , false , 2 , 2 , 12272
Gwendolyn , 70 , 9 , false , 1 , 1 , 12018
Anaya , 29 , 7 , false , 2 , 3 , 13419
Baylee , 5 , 3 , false , 3 , 1 , 11474
Brinley , 27 , 1 , false , 2 , 2 , 11273
Sierra , 53 , 6 , false , 3 , 1 , 13059
Annalise , 10 , 5 , false , 3 , 1 , 10031
Tatum , 38 , 7 , false , 2 , 2 , 14347
Serena , 10 , 1 , false , 1 , 3 , 13566
Dahlia , 33 , 3 , false , 2 , 1 , 13942
Macy , 85 , 3 , false , 1 , 1 , 13960
Miracle , 49 , 4 , false , 1 , 2 , 12580
Madelynn , 58 , 8 , false , 2 , 3 , 11276
Briana , 8 , 10 , false , 3 , 2 , 11822
Freya , 43 , 2 , false , 2 , 3 , 10889
Macie , 31 , 3 , false , 1 , 2 , 13828
Helen , 67 , 8 , false , 3 , 2 , 10739
Bethany , 56 , 3 , false , 2 , 1 , 13210
Leia , 34 , 1 , false , 2 , 3 , 11932
Harlow , 67 , 10 , false , 2 , 3 , 13371
Blake , 66 , 6 , false , 2 , 3 , 14262
Jayleen , 25 , 5 , false , 1 , 2 , 14557
Angelica , 36 , 5 , false , 1 , 1 , 13359
Marilyn , 27 , 8 , false , 2 , 3 , 13090
Viviana , 63 , 4 , false , 2 , 2 , 10825
Francesca , 85 , 10 , false , 1 , 3 , 10682
Juniper , 70 , 6 , false , 2 , 1 , 12479
Carolina , 5 , 8 , false , 3 , 3 , 10277
Jazmin , 54 , 6 , false , 1 , 2 , 11727
Emely , 4 , 9 , false , 2 , 3 , 11497
Maliyah , 56 , 9 , false , 2 , 1 , 12120
Cataleya , 90 , 3 , false , 2 , 3 , 10872
Jillian , 77 , 8 , false , 2 , 2 , 12609
Joy , 2 , 10 , false , 3 , 1 , 11080
Abby , 17 , 4 , false , 2 , 1 , 10643
Malaysia , 6 , 6 , false , 3 , 3 , 14769
Nylah , 12 , 8 , false , 3 , 3 , 12285
Sarai , 11 , 6 , false , 3 , 2 , 14452
Evelynn , 55 , 10 , false , 3 , 3 , 13945
Nia , 72 , 9 , false , 2 , 2 , 12075
Zuri , 47 , 10 , false , 2 , 3 , 14589
Addyson , 75 , 10 , false , 3 , 2 , 12351
Aleah , 27 , 2 , false , 1 , 2 , 12526
Kaia , 67 , 9 , false , 2 , 2 , 12481
Bristol , 97 , 1 , false , 2 , 2 , 14427
Lorelei , 59 , 9 , false , 1 , 2 , 13190
Jazmine , 85 , 6 , false , 1 , 3 , 10899
Maeve , 62 , 10 , false , 3 , 2 , 10929
Alejandra , 84 , 6 , false , 2 , 1 , 10363
Justice , 59 , 8 , false , 3 , 3 , 14125
Julie , 76 , 9 , false , 1 , 3 , 12307
Marlee , 56 , 9 , false , 3 , 1 , 12574
Phoenix , 79 , 9 , false , 3 , 3 , 13363
Jimena , 1 , 3 , false , 3 , 2 , 11732
Emmalyn , 34 , 6 , false , 1 , 1 , 11379
Nayeli , 96 , 5 , false , 1 , 1 , 13226
Aleena , 35 , 4 , false , 2 , 1 , 14751
Brittany , 84 , 10 , false , 3 , 1 , 14733
Amara , 77 , 2 , false , 3 , 1 , 14103
Karina , 98 , 1 , false , 3 , 2 , 11014
Giuliana , 2 , 8 , false , 2 , 2 , 14452
Thea , 62 , 9 , false , 1 , 3 , 12516
Braelynn , 55 , 4 , false , 1 , 3 , 14817
Kassidy , 84 , 9 , false , 3 , 1 , 12841
Braelyn , 20 , 4 , false , 3 , 1 , 14690
Luciana , 99 , 1 , false , 3 , 3 , 12703
Aubrie , 88 , 8 , false , 3 , 2 , 11250
Janelle , 96 , 1 , false , 2 , 3 , 12999
Madisyn , 95 , 1 , false , 3 , 2 , 11364
Brylee , 73 , 3 , false , 3 , 2 , 14647
Leighton , 25 , 1 , false , 2 , 3 , 11883
Ryan , 3 , 8 , false , 1 , 2 , 11084
Amari , 38 , 5 , false , 3 , 3 , 12283
Eve , 4 , 7 , false , 3 , 2 , 13302
Millie , 65 , 9 , false , 2 , 2 , 12806
Kelly , 49 , 5 , false , 2 , 1 , 11203
Selah , 68 , 8 , false , 1 , 1 , 10226
Lacey , 70 , 3 , false , 3 , 3 , 11209
Willa , 80 , 2 , false , 2 , 3 , 14123
Haylee , 11 , 9 , false , 3 , 3 , 14022
Jaylah , 52 , 10 , false , 2 , 2 , 11211
Sylvia , 9 , 5 , false , 1 , 3 , 12467
Melany , 63 , 7 , false , 1 , 3 , 10624
Elisa , 53 , 7 , false , 3 , 1 , 14471
Elsa , 20 , 1 , false , 3 , 2 , 10215
Hattie , 38 , 5 , false , 3 , 1 , 10279
Raven , 27 , 3 , false , 2 , 2 , 13878
Holly , 34 , 9 , false , 3 , 2 , 14517
Aisha , 82 , 3 , false , 3 , 1 , 14250
Itzel , 39 , 2 , false , 3 , 2 , 12262
Kyra , 90 , 8 , false , 2 , 3 , 14161
Tiffany , 9 , 6 , false , 1 , 2 , 14784
Jayda , 97 , 1 , false , 1 , 3 , 13670
Michaela , 58 , 1 , false , 2 , 3 , 10892
Madilynn , 77 , 5 , false , 2 , 2 , 12463
Jamie , 98 , 1 , false , 3 , 3 , 10828
Celeste , 89 , 10 , false , 1 , 1 , 11665
Lilian , 9 , 3 , false , 1 , 1 , 10156
Remi , 48 , 2 , false , 2 , 3 , 14139
Priscilla , 17 , 4 , false , 1 , 1 , 10806
Jazlyn , 85 , 2 , false , 3 , 1 , 12093
Karen , 78 , 1 , false , 2 , 3 , 14847
Savanna , 54 , 2 , false , 2 , 1 , 12275
Zariah , 74 , 9 , false , 2 , 3 , 13785
Lauryn , 25 , 4 , false , 3 , 2 , 13509
Alanna , 98 , 10 , false , 2 , 2 , 10566
Kara , 51 , 4 , false , 1 , 1 , 10556
Karla , 63 , 10 , false , 1 , 1 , 14544
Cassandra , 84 , 1 , false , 2 , 3 , 13140
Ariah , 63 , 6 , false , 1 , 1 , 10353
Evie , 86 , 8 , false , 3 , 3 , 13430
Frances , 46 , 4 , false , 1 , 1 , 14382
Aileen , 89 , 2 , false , 3 , 3 , 14803
Lennon , 64 , 3 , false , 1 , 3 , 12759
Charley , 89 , 5 , false , 1 , 3 , 14926
Rosemary , 41 , 1 , false , 3 , 2 , 13172
Danna , 98 , 9 , false , 1 , 3 , 13074
Regina , 10 , 4 , false , 2 , 1 , 12173
Kaelyn , 2 , 10 , false , 3 , 2 , 11728
Virginia , 73 , 6 , false , 2 , 1 , 10126
Hanna , 13 , 8 , false , 1 , 3 , 14284
Rebekah , 40 , 5 , false , 2 , 1 , 10797
Alani , 100 , 5 , false , 1 , 3 , 13070
Edith , 3 , 1 , false , 1 , 2 , 13671
Liana , 80 , 3 , false , 3 , 3 , 12082
Charleigh , 23 , 8 , false , 3 , 2 , 13936
Gloria , 36 , 8 , false , 2 , 2 , 13699
Cameron , 82 , 7 , false , 2 , 3 , 13473
Colette , 6 , 10 , false , 1 , 3 , 13137
Kailey , 29 , 6 , false , 2 , 3 , 13956
Carter , 1 , 6 , false , 3 , 1 , 14961
Helena , 13 , 8 , false , 1 , 1 , 11692
Matilda , 69 , 7 , false , 1 , 1 , 11603
Imani , 31 , 6 , false , 2 , 1 , 14155
Bridget , 16 , 3 , false , 1 , 2 , 13775
Cynthia , 4 , 5 , false , 2 , 2 , 13240
Janiyah , 19 , 6 , false , 3 , 2 , 14580
Marissa , 20 , 3 , false , 1 , 1 , 13985
Johanna , 90 , 1 , false , 3 , 1 , 11733
Sasha , 98 , 1 , false , 1 , 2 , 12787
Kaliyah , 36 , 5 , false , 3 , 2 , 13780
Cecelia , 58 , 4 , false , 2 , 3 , 14738
Adelina , 27 , 1 , false , 3 , 2 , 10291
Jessa , 4 , 2 , false , 3 , 1 , 12703
Hayley , 42 , 4 , false , 2 , 3 , 12913
Julissa , 9 , 4 , false , 3 , 2 , 11274
Winter , 56 , 7 , false , 1 , 2 , 12078
Crystal , 62 , 7 , false , 3 , 1 , 13266
Kaylie , 22 , 6 , false , 3 , 2 , 13958
Bailee , 53 , 1 , false , 2 , 2 , 14452
Charli , 65 , 1 , false , 1 , 1 , 12887
Henley , 12 , 9 , false , 1 , 2 , 14889
Anya , 46 , 3 , false , 1 , 2 , 13219
Maia , 96 , 2 , false , 2 , 1 , 11638
Skyla , 85 , 10 , false , 2 , 1 , 11696
Liberty , 74 , 10 , false , 2 , 1 , 10256
Fernanda , 49 , 2 , false , 3 , 2 , 11991
Monica , 97 , 9 , false , 3 , 3 , 13985
Braylee , 81 , 4 , false , 3 , 1 , 13593
Dallas , 91 , 4 , false , 1 , 3 , 11723
Mariam , 75 , 4 , false , 1 , 2 , 10240
Marie , 72 , 4 , false , 2 , 2 , 10998
Beatrice , 99 , 8 , false , 2 , 1 , 14566
Hallie , 46 , 4 , false , 3 , 2 , 14321
Maryam , 62 , 9 , false , 2 , 2 , 12665
Angelique , 31 , 3 , false , 2 , 2 , 12881
Anne , 35 , 10 , false , 1 , 1 , 10479
Madalyn , 66 , 3 , false , 1 , 2 , 13399
Alayah , 94 , 6 , false , 3 , 1 , 11112
Annika , 37 , 3 , false , 3 , 3 , 14328
Greta , 89 , 4 , false , 2 , 3 , 14757
Lilyana , 15 , 9 , false , 3 , 1 , 13523
Kadence , 14 , 1 , false , 1 , 1 , 12771
Coraline , 45 , 8 , false , 2 , 2 , 14714
Lainey , 55 , 5 , false , 3 , 3 , 14432
Mabel , 84 , 2 , false , 1 , 2 , 14974
Lillie , 6 , 10 , false , 3 , 2 , 14916
Anika , 10 , 8 , false , 3 , 3 , 12296
Azalea , 100 , 4 , false , 2 , 1 , 11843
Dayana , 31 , 3 , false , 2 , 2 , 13351
Jaliyah , 66 , 3 , false , 1 , 3 , 13417
Addisyn , 72 , 1 , false , 3 , 1 , 10623
Emilee , 57 , 4 , false , 2 , 3 , 11506
Mira , 31 , 8 , false , 3 , 3 , 14757
Angie , 23 , 9 , false , 2 , 2 , 11626
Lilith , 7 , 3 , false , 1 , 2 , 13948
Mae , 42 , 8 , false , 2 , 2 , 10916
Meredith , 10 , 1 , false , 3 , 2 , 13348
Guadalupe , 12 , 9 , false , 2 , 1 , 12056
Emelia , 61 , 7 , false , 3 , 2 , 12615
Margot , 83 , 1 , false , 3 , 3 , 14492
Melina , 53 , 5 , false , 3 , 3 , 13413
Aniya , 56 , 3 , false , 1 , 3 , 10261
Alena , 9 , 9 , false , 3 , 3 , 10347
Myra , 63 , 9 , false , 3 , 1 , 13134
Elianna , 4 , 8 , false , 3 , 3 , 11665
Caitlyn , 58 , 2 , false , 2 , 3 , 10408
Jaelynn , 71 , 7 , false , 2 , 1 , 13877
Jaelyn , 79 , 3 , false , 3 , 3 , 11731
Demi , 75 , 2 , false , 3 , 1 , 11280
Mikaela , 39 , 2 , false , 2 , 1 , 12069
Tiana , 75 , 2 , false , 1 , 3 , 12970
Blair , 63 , 6 , false , 2 , 1 , 11660
Shiloh , 42 , 10 , false , 2 , 1 , 14686
Ariyah , 28 , 7 , false , 2 , 3 , 11258
Saylor , 2 , 3 , false , 3 , 2 , 10302
Caitlin , 70 , 4 , false , 3 , 1 , 12221
Lindsey , 25 , 5 , false , 2 , 2 , 13653
Oakley , 33 , 4 , false , 1 , 1 , 12622
Alia , 91 , 8 , false , 1 , 3 , 11365
Everleigh , 71 , 9 , false , 2 , 1 , 11857
Ivanna , 60 , 5 , false , 2 , 1 , 11239
Miah , 26 , 3 , false , 3 , 2 , 11032
Emmy , 44 , 6 , false , 1 , 3 , 10626
Jessie , 23 , 1 , false , 3 , 3 , 11007
Anahi , 85 , 6 , false , 2 , 1 , 12336
Kaylin , 32 , 9 , false , 2 , 2 , 14231
Ansley , 14 , 5 , false , 3 , 2 , 12745
Annabel , 66 , 3 , false , 1 , 2 , 10943
Remington , 53 , 5 , false , 1 , 1 , 11291
Kora , 76 , 6 , false , 1 , 3 , 11899
Maisie , 42 , 4 , false , 1 , 2 , 14793
Nathalie , 83 , 2 , false , 2 , 3 , 11975
Emory , 64 , 3 , false , 2 , 2 , 12589
Karsyn , 65 , 9 , false , 2 , 3 , 10197
Pearl , 96 , 7 , false , 1 , 1 , 12109
Irene , 23 , 5 , false , 1 , 3 , 12513
Kimber , 56 , 10 , false , 1 , 2 , 12508
Rosa , 80 , 5 , false , 3 , 3 , 13923
Lylah , 76 , 8 , false , 3 , 1 , 10718
Magnolia , 18 , 2 , false , 3 , 1 , 10095
Samara , 74 , 8 , false , 2 , 2 , 12713
Elliot , 45 , 2 , false , 3 , 3 , 10187
Renata , 3 , 6 , false , 2 , 2 , 14909
Galilea , 97 , 10 , false , 3 , 1 , 10282
Kensley , 70 , 4 , false , 2 , 2 , 10217
Kiera , 31 , 8 , false , 1 , 2 , 10888
Whitney , 28 , 5 , false , 2 , 2 , 13840
Amelie , 72 , 7 , false , 3 , 1 , 10706
Siena , 11 , 4 , false , 3 , 3 , 11403
Bria , 24 , 8 , false , 3 , 2 , 11795
Laney , 10 , 2 , false , 2 , 1 , 14840
Perla , 36 , 3 , false , 2 , 1 , 13461
Tatiana , 1 , 6 , false , 2 , 1 , 11558
Zelda , 38 , 1 , false , 2 , 2 , 14293
Jaycee , 24 , 4 , false , 3 , 2 , 11774
Kori , 12 , 3 , false , 1 , 1 , 12382
Montserrat , 69 , 6 , false , 3 , 3 , 12768
Lorelai , 18 , 4 , false , 1 , 3 , 11341
Adele , 32 , 10 , false , 3 , 1 , 12786
Elyse , 100 , 9 , false , 1 , 1 , 10031
Katelynn , 61 , 9 , false , 1 , 1 , 14027
Kynlee , 81 , 2 , false , 1 , 1 , 10118
Marina , 75 , 2 , false , 1 , 1 , 10259
Jayden , 86 , 9 , false , 1 , 1 , 14897
Kailyn , 75 , 10 , false , 1 , 2 , 13220
Avah , 66 , 5 , false , 1 , 1 , 11330
Kenley , 70 , 5 , false , 3 , 3 , 11864
Aviana , 97 , 7 , false , 2 , 3 , 10161
Armani , 66 , 3 , false , 1 , 2 , 10413
Dulce , 43 , 9 , false , 2 , 3 , 10124
Alaia , 32 , 5 , false , 2 , 3 , 13669
Teresa , 37 , 3 , false , 1 , 1 , 13306
Natasha , 67 , 6 , false , 3 , 2 , 10622
Milani , 67 , 5 , false , 2 , 2 , 14422
Amirah , 41 , 10 , false , 1 , 2 , 14314
Breanna , 50 , 10 , false , 1 , 2 , 14297
Linda , 60 , 5 , false , 3 , 3 , 13623
Tenley , 73 , 4 , false , 1 , 1 , 12989
Sutton , 5 , 5 , false , 2 , 2 , 11761
Elaine , 12 , 6 , false , 2 , 3 , 12639
Elliott , 19 , 2 , false , 1 , 2 , 11408
Aliza , 86 , 7 , false , 1 , 3 , 12539
Kenna , 28 , 1 , false , 1 , 1 , 11407
Meadow , 29 , 1 , false , 1 , 2 , 14559
Alyson , 65 , 2 , false , 3 , 1 , 11890
Rory , 47 , 5 , false , 3 , 3 , 10705
Milana , 8 , 3 , false , 3 , 3 , 14618
Erica , 96 , 6 , false , 3 , 3 , 13484
Esme , 66 , 3 , false , 3 , 3 , 10982
Leona , 24 , 2 , false , 1 , 2 , 14977
Joselyn , 97 , 2 , false , 2 , 3 , 14964
Madalynn , 99 , 1 , false , 2 , 2 , 14722
Alma , 86 , 4 , false , 3 , 2 , 14503
Chanel , 5 , 1 , false , 3 , 1 , 13497
Myah , 55 , 9 , false , 1 , 2 , 14871
Karter , 37 , 7 , false , 3 , 3 , 11644
Zahra , 52 , 10 , false , 1 , 1 , 14703
Audrina , 24 , 1 , false , 3 , 2 , 10128
Ariya , 58 , 10 , false , 3 , 3 , 11913
Jemma , 57 , 10 , false , 3 , 1 , 11282
Eileen , 84 , 10 , false , 3 , 2 , 14652
Kallie , 7 , 2 , false , 1 , 1 , 11095
Milan , 95 , 2 , false , 3 , 3 , 13295
Emmalynn , 20 , 8 , false , 3 , 1 , 12781
Lailah , 87 , 2 , false , 1 , 1 , 12106
Sloan , 36 , 7 , false , 1 , 2 , 13471
Clarissa , 41 , 5 , false , 2 , 1 , 14541
Karlee , 58 , 2 , false , 3 , 3 , 12313
Laylah , 62 , 2 , false , 1 , 3 , 11055
Amiya , 93 , 10 , false , 2 , 2 , 14756
Collins , 15 , 8 , false , 2 , 2 , 14777
Ellen , 75 , 2 , false , 1 , 1 , 14992
Hadassah , 98 , 5 , false , 1 , 1 , 11000
Danica , 42 , 10 , false , 1 , 1 , 11266
Jaylene , 96 , 10 , false , 2 , 2 , 14899
Averi , 76 , 5 , false , 2 , 1 , 10935
Reyna , 10 , 5 , false , 1 , 2 , 11562
Saige , 2 , 3 , false , 3 , 3 , 12886
Wren , 79 , 6 , false , 2 , 3 , 12829
Lexie , 64 , 1 , false , 2 , 3 , 11028
Dorothy , 59 , 4 , false , 2 , 2 , 12135
Lilianna , 2 , 6 , false , 1 , 3 , 13865
Monroe , 60 , 4 , false , 1 , 2 , 12139
Aryanna , 2 , 7 , false , 1 , 1 , 11014
Elisabeth , 33 , 5 , false , 2 , 3 , 11895
Ivory , 72 , 9 , false , 2 , 3 , 14555
Liv , 96 , 1 , false , 2 , 1 , 12600
Janessa , 87 , 8 , false , 2 , 2 , 12051
Jaylynn , 71 , 2 , false , 2 , 2 , 13556
Livia , 7 , 5 , false , 1 , 2 , 13001
Rayna , 59 , 5 , false , 3 , 1 , 10632
Alaya , 13 , 3 , false , 1 , 1 , 12836
Malaya , 50 , 5 , false , 1 , 1 , 10471
Cara , 12 , 9 , false , 1 , 1 , 14548
Erika , 73 , 10 , false , 1 , 3 , 13352
Amani , 78 , 5 , false , 2 , 1 , 14348
Clare , 69 , 10 , false , 1 , 1 , 12632
Addilynn , 18 , 1 , false , 1 , 1 , 11429
Roselyn , 93 , 10 , false , 1 , 3 , 10709
Corinne , 28 , 4 , false , 1 , 1 , 13982
Paola , 48 , 2 , false , 1 , 1 , 11910
Jolene , 26 , 8 , false , 1 , 3 , 14118
Anabelle , 56 , 1 , false , 1 , 1 , 14798
Aliana , 82 , 8 , false , 3 , 2 , 10516
Lea , 30 , 2 , false , 3 , 1 , 14484
Mara , 35 , 5 , false , 3 , 2 , 13664
Lennox , 84 , 1 , false , 2 , 1 , 10848
Claudia , 98 , 3 , false , 3 , 1 , 11774
Kristina , 16 , 2 , false , 1 , 2 , 13251
Jaylee , 38 , 9 , false , 1 , 1 , 12836
Kaylynn , 25 , 7 , false , 1 , 2 , 12052
Zariyah , 6 , 7 , false , 2 , 2 , 10570
Gwen , 33 , 9 , false , 2 , 3 , 14847
Kinslee , 52 , 8 , false , 3 , 3 , 10173
Avianna , 4 , 5 , false , 1 , 2 , 14529
Lisa , 36 , 10 , false , 3 , 1 , 12716
Raquel , 16 , 1 , false , 3 , 1 , 13974
Jolie , 88 , 3 , false , 2 , 1 , 12249
Carolyn , 85 , 9 , false , 1 , 2 , 10108
Courtney , 88 , 9 , false , 1 , 3 , 14086
Penny , 100 , 2 , false , 1 , 2 , 12414
Royal , 84 , 2 , false , 2 , 3 , 10566
Alannah , 15 , 1 , false , 2 , 2 , 12267
Ciara , 13 , 7 , false , 1 , 2 , 12543
Chaya , 60 , 10 , false , 2 , 1 , 10946
Kassandra , 40 , 7 , false , 2 , 2 , 12454
Milena , 24 , 9 , false , 2 , 2 , 14651
Mina , 93 , 2 , false , 3 , 1 , 13824
Noa , 42 , 4 , false , 3 , 3 , 11704
Leanna , 23 , 3 , false , 1 , 2 , 12119
Zoie , 37 , 4 , false , 1 , 3 , 11743
Ariadne , 78 , 10 , false , 2 , 1 , 10928
Monserrat , 37 , 9 , false , 3 , 2 , 14514
Nola , 100 , 9 , false , 1 , 2 , 11699
Carlee , 52 , 6 , false , 1 , 2 , 10646
Isabela , 8 , 8 , false , 2 , 3 , 13511
Jazlynn , 10 , 9 , false , 2 , 2 , 14307
Kairi , 51 , 8 , false , 2 , 2 , 12230
Laurel , 47 , 2 , false , 2 , 3 , 10737
Sky , 86 , 3 , false , 1 , 2 , 13568
Rosie , 96 , 4 , false , 3 , 1 , 14868
Arely , 30 , 10 , false , 3 , 2 , 11161
Aubrielle , 12 , 10 , false , 2 , 1 , 10669
Kenia , 10 , 1 , false , 2 , 1 , 11804
Noemi , 70 , 7 , false , 1 , 3 , 12920
Scarlette , 66 , 4 , false , 1 , 3 , 13385
Farrah , 83 , 8 , false , 2 , 1 , 14409
Leyla , 21 , 8 , false , 1 , 1 , 14319
Amia , 33 , 3 , false , 2 , 3 , 13350
Bryanna , 23 , 6 , false , 1 , 2 , 13622
Naya , 28 , 10 , false , 3 , 2 , 11017
Wynter , 22 , 10 , false , 3 , 1 , 13880
Hunter , 80 , 9 , false , 1 , 2 , 12983
Katalina , 50 , 1 , false , 1 , 3 , 11720
Taliyah , 2 , 5 , false , 3 , 3 , 12390
Amaris , 56 , 7 , false , 2 , 1 , 13336
Emerie , 61 , 6 , false , 3 , 2 , 13059
Martha , 36 , 2 , false , 1 , 3 , 11517
Thalia , 12 , 8 , false , 1 , 2 , 13637
Christine , 71 , 4 , false , 2 , 3 , 10675
Estrella , 62 , 9 , false , 1 , 2 , 14612
Brenna , 23 , 4 , false , 2 , 3 , 12903
Milania , 78 , 3 , false , 1 , 1 , 12484
Salma , 72 , 1 , false , 3 , 3 , 14008
Lillianna , 36 , 6 , false , 2 , 3 , 11468
Marjorie , 56 , 5 , false , 1 , 2 , 11449
Shayla , 100 , 6 , false , 1 , 2 , 10123
Zendaya , 73 , 8 , false , 1 , 1 , 14217
Aurelia , 52 , 3 , false , 1 , 3 , 11537
Brenda , 27 , 4 , false , 1 , 2 , 13785
Julieta , 77 , 10 , false , 3 , 2 , 14553
Adilynn , 72 , 10 , false , 1 , 3 , 12745
Deborah , 100 , 6 , false , 1 , 2 , 10128
Keyla , 27 , 4 , false , 2 , 3 , 11348
Patricia , 56 , 9 , false , 3 , 3 , 10089
Emmeline , 80 , 4 , false , 3 , 3 , 11967
Hadlee , 11 , 6 , false , 2 , 2 , 14221
Giovanna , 52 , 5 , false , 1 , 3 , 10230
Kailee , 68 , 10 , false , 2 , 2 , 13058
Desiree , 57 , 10 , false , 3 , 2 , 10026
Casey , 43 , 3 , false , 3 , 2 , 12751
Karlie , 46 , 3 , false , 1 , 3 , 13911
Khaleesi , 46 , 3 , false , 3 , 3 , 12745
Lara , 12 , 7 , false , 1 , 2 , 11446
Tori , 12 , 3 , false , 2 , 3 , 13574
Clementine , 57 , 9 , false , 3 , 1 , 10042
Nancy , 100 , 4 , false , 2 , 1 , 13578
Simone , 48 , 2 , false , 2 , 3 , 13971
Ayleen , 7 , 1 , false , 2 , 2 , 14613
Estelle , 1 , 9 , false , 3 , 2 , 12341
Celine , 59 , 5 , false , 3 , 3 , 11284
Madyson , 21 , 3 , false , 1 , 1 , 11215
Zaniyah , 27 , 6 , false , 1 , 3 , 12300
Adley , 39 , 3 , false , 3 , 1 , 10848
Amalia , 73 , 7 , false , 2 , 2 , 10783
Paityn , 85 , 8 , false , 1 , 3 , 10460
Kathleen , 33 , 4 , false , 2 , 3 , 12061
Sandra , 42 , 9 , false , 3 , 3 , 12244
Lizbeth , 42 , 4 , false , 3 , 3 , 13478
Maleah , 42 , 10 , false , 1 , 2 , 11619
Micah , 50 , 8 , false , 2 , 3 , 12795
Aryana , 42 , 4 , false , 1 , 2 , 12099
Hailee , 88 , 7 , false , 3 , 3 , 10395
Aiyana , 67 , 6 , false , 3 , 3 , 12462
Joyce , 42 , 4 , false , 1 , 3 , 12534
Ryann , 45 , 5 , false , 2 , 3 , 14967
Caylee , 45 , 7 , false , 1 , 2 , 10117
Kalani , 82 , 4 , false , 3 , 1 , 14175
Marisol , 73 , 6 , false , 3 , 2 , 10939
Nathaly , 40 , 5 , false , 1 , 2 , 14386
Briar , 39 , 9 , false , 2 , 2 , 11860
Holland , 58 , 2 , false , 2 , 3 , 12448
Lindsay , 4 , 8 , false , 3 , 1 , 14881
Remy , 65 , 4 , false , 2 , 2 , 14231
Adrienne , 53 , 8 , false , 3 , 3 , 10385
Azariah , 66 , 6 , false , 2 , 2 , 12124
Harlee , 19 , 2 , false , 2 , 2 , 11687
Dana , 15 , 8 , false , 2 , 3 , 14382
Frida , 88 , 5 , false , 3 , 2 , 14696
Marianna , 43 , 10 , false , 2 , 1 , 13186
Yamileth , 52 , 3 , false , 1 , 1 , 10120
Chana , 82 , 6 , false , 3 , 2 , 10889
Kaya , 33 , 10 , false , 3 , 1 , 10021
Lina , 60 , 1 , false , 1 , 1 , 12751
Celia , 4 , 10 , false , 1 , 1 , 14174
Analia , 3 , 7 , false , 3 , 3 , 14826
Hana , 63 , 7 , false , 1 , 3 , 10556
Jayde , 71 , 10 , false , 2 , 3 , 13152
Joslyn , 93 , 1 , false , 3 , 2 , 10996
Romina , 6 , 7 , false , 1 , 1 , 10026
Anabella , 49 , 2 , false , 3 , 1 , 10845
Barbara , 43 , 2 , false , 3 , 3 , 13735
Bryleigh , 82 , 3 , false , 2 , 3 , 10690
Emilie , 18 , 5 , false , 1 , 1 , 14084
Nathalia , 86 , 6 , false , 1 , 1 , 13830
Ally , 44 , 9 , false , 2 , 2 , 13556
Evalyn , 86 , 4 , false , 1 , 1 , 14551
Bonnie , 35 , 8 , false , 1 , 2 , 14417
Zaria , 49 , 4 , false , 3 , 1 , 14606
Carla , 93 , 10 , false , 1 , 3 , 14652
Estella , 46 , 2 , false , 2 , 1 , 13832
Kailani , 49 , 8 , false , 3 , 1 , 12280
Rivka , 19 , 5 , false , 1 , 2 , 10849
Rylan , 77 , 4 , false , 1 , 3 , 10182
Paulina , 66 , 10 , false , 2 , 3 , 12002
Kayden , 65 , 10 , false , 3 , 2 , 14884
Giana , 34 , 2 , false , 1 , 1 , 12113
Yareli , 80 , 2 , false , 1 , 3 , 11510
Kaiya , 34 , 2 , false , 1 , 3 , 14318
Sariah , 57 , 9 , false , 2 , 2 , 14079
Avalynn , 47 , 1 , false , 1 , 1 , 11437
Jasmin , 24 , 10 , false , 3 , 3 , 10144
Aya , 81 , 1 , false , 2 , 2 , 14593
Jewel , 32 , 2 , false , 3 , 3 , 14505
Kristen , 7 , 10 , false , 3 , 2 , 10679
Paula , 88 , 1 , false , 2 , 1 , 13677
Astrid , 50 , 7 , false , 2 , 3 , 12652
Jordynn , 37 , 5 , false , 3 , 3 , 10701
Kenya , 68 , 7 , false , 1 , 3 , 10196
Ann , 37 , 7 , false , 3 , 3 , 10752
Annalee , 14 , 1 , false , 2 , 1 , 14354
Kai , 53 , 7 , false , 1 , 1 , 10567
Kiley , 53 , 3 , false , 2 , 1 , 12744
Marleigh , 20 , 10 , false , 1 , 3 , 11023
Julianne , 42 , 3 , false , 3 , 3 , 14447
Zion , 89 , 3 , false , 3 , 3 , 11156
Emmaline , 68 , 10 , false , 1 , 2 , 10790
Nataly , 2 , 3 , false , 3 , 3 , 14266
Aminah , 27 , 3 , false , 2 , 3 , 12083
Amya , 33 , 4 , false , 1 , 3 , 10956
Iliana , 50 , 5 , false , 2 , 3 , 11551
Jaida , 19 , 1 , false , 2 , 3 , 11476
Paloma , 33 , 4 , false , 1 , 3 , 12345
Asia , 81 , 2 , false , 1 , 3 , 12659
Louisa , 57 , 8 , false , 3 , 2 , 12910
Sarahi , 27 , 10 , false , 2 , 1 , 12102
Tara , 32 , 2 , false , 1 , 3 , 11594
Andi , 68 , 3 , false , 2 , 3 , 12857
Arden , 4 , 6 , false , 1 , 1 , 11205
Dalary , 57 , 3 , false , 1 , 2 , 13063
Aimee , 49 , 3 , false , 1 , 3 , 12698
Alisson , 92 , 9 , false , 1 , 3 , 13523
Halle , 30 , 9 , false , 1 , 2 , 10652
Aitana , 71 , 8 , false , 1 , 3 , 14612
Landry , 34 , 3 , false , 3 , 3 , 12844
Alisha , 46 , 3 , false , 2 , 3 , 10050
Elin , 33 , 3 , false , 2 , 3 , 14374
Maliah , 55 , 5 , false , 1 , 1 , 13070
Belen , 69 , 4 , false , 3 , 2 , 11513
Briley , 25 , 6 , false , 2 , 2 , 10564
Raina , 96 , 5 , false , 1 , 1 , 13130
Vienna , 61 , 1 , false , 2 , 2 , 12662
Esperanza , 85 , 5 , false , 2 , 3 , 14727
Judith , 72 , 5 , false , 3 , 1 , 12728
Faye , 6 , 7 , false , 1 , 3 , 13580
Susan , 58 , 3 , false , 1 , 3 , 14955
Aliya , 12 , 7 , false , 3 , 2 , 13571
Aranza , 20 , 1 , false , 2 , 2 , 11821
Yasmin , 66 , 10 , false , 2 , 3 , 10529
Jaylin , 67 , 5 , false , 3 , 1 , 11652
Kyndall , 5 , 8 , false , 3 , 1 , 11637
Saniyah , 22 , 6 , false , 1 , 3 , 12346
Wendy , 47 , 3 , false , 1 , 3 , 10611
Yaritza , 54 , 7 , false , 2 , 3 , 12111
Azaria , 26 , 10 , false , 2 , 1 , 12930
Kaelynn , 34 , 2 , false , 1 , 3 , 12080
Neriah , 20 , 6 , false , 2 , 1 , 13613
Zainab , 77 , 2 , false , 3 , 3 , 13801
Alissa , 65 , 7 , false , 2 , 1 , 11954
Cherish , 98 , 2 , false , 2 , 3 , 10755
Dixie , 77 , 8 , false , 2 , 2 , 12142
Veda , 60 , 5 , false , 2 , 3 , 11375
Nala , 54 , 6 , false , 2 , 2 , 11657
Tabitha , 6 , 4 , false , 2 , 3 , 14493
Cordelia , 93 , 1 , false , 1 , 2 , 14838
Ellison , 67 , 5 , false , 3 , 2 , 11975
Meilani , 98 , 7 , false , 2 , 1 , 10687
Angeline , 47 , 6 , false , 3 , 2 , 14811
Reina , 81 , 6 , false , 1 , 3 , 14270
Tegan , 67 , 8 , false , 3 , 3 , 10252
Hadleigh , 90 , 9 , false , 3 , 2 , 11726
Harmoni , 84 , 6 , false , 3 , 1 , 10045
Kimora , 28 , 3 , false , 3 , 3 , 10348
Ingrid , 92 , 9 , false , 2 , 3 , 13798
Lilia , 49 , 5 , false , 3 , 2 , 11196
Luz , 46 , 6 , false , 3 , 3 , 13031
Aislinn , 78 , 10 , false , 2 , 3 , 14330
America , 59 , 6 , false , 2 , 2 , 10630
Ellis , 44 , 1 , false , 1 , 3 , 14174
Elora , 6 , 9 , false , 2 , 2 , 11634
Heather , 3 , 10 , false , 1 , 1 , 10248
Natalee , 7 , 5 , false , 1 , 3 , 10615
Miya , 7 , 3 , false , 2 , 1 , 14334
Heavenly , 28 , 9 , false , 1 , 3 , 14111
Jenny , 22 , 10 , false , 3 , 1 , 12718
Aubriella , 28 , 2 , false , 3 , 1 , 11621
Emmalee , 43 , 7 , false , 2 , 2 , 14163
Kensington , 13 , 1 , false , 2 , 1 , 13593
Kiana , 6 , 5 , false , 3 , 3 , 11284
Lilyanna , 93 , 1 , false , 1 , 3 , 13957
Tinley , 97 , 6 , false , 2 , 2 , 10931
Ophelia , 96 , 9 , false , 3 , 2 , 10259
Moriah , 89 , 9 , false , 3 , 1 , 12502
Sharon , 62 , 6 , false , 2 , 2 , 11400
Charlize , 59 , 9 , false , 2 , 3 , 13109
Abril , 32 , 2 , false , 3 , 2 , 11445
Avalyn , 100 , 5 , false , 2 , 1 , 13465
Mariyah , 35 , 5 , false , 1 , 2 , 11230
Taya , 53 , 9 , false , 2 , 1 , 12541
Ireland , 83 , 10 , false , 2 , 1 , 12962
Lyra , 59 , 9 , false , 3 , 1 , 11426
Noor , 32 , 9 , false , 3 , 2 , 12156
Sariyah , 33 , 5 , false , 3 , 3 , 11452
Giavanna , 86 , 2 , false , 1 , 3 , 13121
Stevie , 57 , 3 , false , 1 , 1 , 12280
Rhea , 4 , 2 , false , 2 , 2 , 11718
Zaylee , 6 , 8 , false , 2 , 1 , 10324
Denise , 4 , 8 , false , 1 , 3 , 11432
Frankie , 21 , 6 , false , 1 , 2 , 10762
Janiya , 10 , 10 , false , 2 , 3 , 11659
Jocelynn , 5 , 7 , false , 3 , 2 , 11884
Libby , 75 , 10 , false , 1 , 3 , 13378
Aubrianna , 75 , 4 , false , 1 , 1 , 11599
